STRUCTURE,STRUCTURE_ID,STRUCTURE_NAME,freq,Time frequency,unit,Unit of measure,mot_nrg,Motor energy,geo,Geopolitical entity (reporting),TIME_PERIOD,Time,OBS_VALUE,Observation value,OBS_FLAG,Observation status (Flag) V2 structure,CONF_STATUS,Confidentiality status (flag)
dataflow,ESTAT:ROAD_EQS_CARPDA(1.0),"Passenger cars, by type of motor energy",A,Annual,NR,Number,DIE,Diesel,DE,Germany,2015,,14532000,,,,,
dataflow,ESTAT:ROAD_EQS_CARPDA(1.0),"Passenger cars, by type of motor energy",A,Annual,NR,Number,DIE,Diesel,DE,Germany,2016,,15089392,,,,,
dataflow,ESTAT:ROAD_EQS_CARPDA(1.0),"Passenger cars, by type of motor energy",A,Annual,NR,Number,DIE,Diesel,DE,Germany,2017,,15237472,,,,,
dataflow,ESTAT:ROAD_EQS_CARPDA(1.0),"Passenger cars, by type of motor energy",A,Annual,NR,Number,DIE,Diesel,DE,Germany,2018,,15179677,,,,,
dataflow,ESTAT:ROAD_EQS_CARPDA(1.0),"Passenger cars, by type of motor energy",A,Annual,NR,Number,DIE,Diesel,DE,Germany,2019,,15202076,,,,,
dataflow,ESTAT:ROAD_EQS_CARPDA(1.0),"Passenger cars, by type of motor energy",A,Annual,NR,Number,DIE,Diesel,DE,Germany,2020,,15270342,,,,,
dataflow,ESTAT:ROAD_EQS_CARPDA(1.0),"Passenger cars, by type of motor energy",A,Annual,NR,Number,DIE,Diesel,DE,Germany,2021,,15179992,,,,,
dataflow,ESTAT:ROAD_EQS_CARPDA(1.0),"Passenger cars, by type of motor energy",A,Annual,NR,Number,DIE,Diesel,DE,Germany,2022,,14915009,,,,,
dataflow,ESTAT:ROAD_EQS_CARPDA(1.0),"Passenger cars, by type of motor energy",A,Annual,NR,Number,DIE,Diesel,DE,Germany,2023,,14772094,,,,,
dataflow,ESTAT:ROAD_EQS_CARPDA(1.0),"Passenger cars, by type of motor energy",A,Annual,NR,Number,DIE,Diesel,DE,Germany,2024,,14592567,,,,,
dataflow,ESTAT:ROAD_EQS_CARPDA(1.0),"Passenger cars, by type of motor energy",A,Annual,NR,Number,DIE,Diesel,ES,Spain,2015,,12645648,,,,,
dataflow,ESTAT:ROAD_EQS_CARPDA(1.0),"Passenger cars, by type of motor energy",A,Annual,NR,Number,DIE,Diesel,ES,Spain,2016,,12881856,,i,value imputed by Eurostat or other receiving agencies,,
dataflow,ESTAT:ROAD_EQS_CARPDA(1.0),"Passenger cars, by type of motor energy",A,Annual,NR,Number,DIE,Diesel,ES,Spain,2017,,14394389,,,,,
dataflow,ESTAT:ROAD_EQS_CARPDA(1.0),"Passenger cars, by type of motor energy",A,Annual,NR,Number,DIE,Diesel,ES,Spain,2018,,14575031,,,,,
dataflow,ESTAT:ROAD_EQS_CARPDA(1.0),"Passenger cars, by type of motor energy",A,Annual,NR,Number,DIE,Diesel,ES,Spain,2019,,14624456,,,,,
dataflow,ESTAT:ROAD_EQS_CARPDA(1.0),"Passenger cars, by type of motor energy",A,Annual,NR,Number,DIE,Diesel,ES,Spain,2020,,14599359,,,,,
dataflow,ESTAT:ROAD_EQS_CARPDA(1.0),"Passenger cars, by type of motor energy",A,Annual,NR,Number,DIE,Diesel,ES,Spain,2021,,14524538,,,,,
dataflow,ESTAT:ROAD_EQS_CARPDA(1.0),"Passenger cars, by type of motor energy",A,Annual,NR,Number,DIE,Diesel,ES,Spain,2022,,14444847,,,,,
dataflow,ESTAT:ROAD_EQS_CARPDA(1.0),"Passenger cars, by type of motor energy",A,Annual,NR,Number,DIE,Diesel,ES,Spain,2023,,14334215,,,,,
dataflow,ESTAT:ROAD_EQS_CARPDA(1.0),"Passenger cars, by type of motor energy",A,Annual,NR,Number,DIE,Diesel,ES,Spain,2024,,14157909,,,,,
dataflow,ESTAT:ROAD_EQS_CARPDA(1.0),"Passenger cars, by type of motor energy",A,Annual,NR,Number,DIE,Diesel,FR,France,2015,,23770158,,,,,
dataflow,ESTAT:ROAD_EQS_CARPDA(1.0),"Passenger cars, by type of motor energy",A,Annual,NR,Number,DIE,Diesel,FR,France,2016,,23896213,,,,,
dataflow,ESTAT:ROAD_EQS_CARPDA(1.0),"Passenger cars, by type of motor energy",A,Annual,NR,Number,DIE,Diesel,FR,France,2017,,23808937,,,,,
dataflow,ESTAT:ROAD_EQS_CARPDA(1.0),"Passenger cars, by type of motor energy",A,Annual,NR,Number,DIE,Diesel,FR,France,2018,,23256662,,,,,
dataflow,ESTAT:ROAD_EQS_CARPDA(1.0),"Passenger cars, by type of motor energy",A,Annual,NR,Number,DIE,Diesel,FR,France,2019,,22679025,,,,,
dataflow,ESTAT:ROAD_EQS_CARPDA(1.0),"Passenger cars, by type of motor energy",A,Annual,NR,Number,DIE,Diesel,FR,France,2020,,22116864,,,,,
dataflow,ESTAT:ROAD_EQS_CARPDA(1.0),"Passenger cars, by type of motor energy",A,Annual,NR,Number,DIE,Diesel,FR,France,2021,,21553559,,,,,
dataflow,ESTAT:ROAD_EQS_CARPDA(1.0),"Passenger cars, by type of motor energy",A,Annual,NR,Number,DIE,Diesel,FR,France,2022,,20831620,,,,,
dataflow,ESTAT:ROAD_EQS_CARPDA(1.0),"Passenger cars, by type of motor energy",A,Annual,NR,Number,DIE,Diesel,FR,France,2023,,20129451,,,,,
dataflow,ESTAT:ROAD_EQS_CARPDA(1.0),"Passenger cars, by type of motor energy",A,Annual,NR,Number,DIE,Diesel,FR,France,2024,,19404333,,,,,
dataflow,ESTAT:ROAD_EQS_CARPDA(1.0),"Passenger cars, by type of motor energy",A,Annual,NR,Number,DIE,Diesel,IT,Italy,2015,,15669276,,,,,
dataflow,ESTAT:ROAD_EQS_CARPDA(1.0),"Passenger cars, by type of motor energy",A,Annual,NR,Number,DIE,Diesel,IT,Italy,2016,,16263957,,,,,
dataflow,ESTAT:ROAD_EQS_CARPDA(1.0),"Passenger cars, by type of motor energy",A,Annual,NR,Number,DIE,Diesel,IT,Italy,2017,,16900141,,,,,
dataflow,ESTAT:ROAD_EQS_CARPDA(1.0),"Passenger cars, by type of motor energy",A,Annual,NR,Number,DIE,Diesel,IT,Italy,2018,,17321593,,,,,
dataflow,ESTAT:ROAD_EQS_CARPDA(1.0),"Passenger cars, by type of motor energy",A,Annual,NR,Number,DIE,Diesel,IT,Italy,2019,,17486135,,,,,
dataflow,ESTAT:ROAD_EQS_CARPDA(1.0),"Passenger cars, by type of motor energy",A,Annual,NR,Number,DIE,Diesel,IT,Italy,2020,,17426703,,,,,
dataflow,ESTAT:ROAD_EQS_CARPDA(1.0),"Passenger cars, by type of motor energy",A,Annual,NR,Number,DIE,Diesel,IT,Italy,2021,,17197765,,,,,
dataflow,ESTAT:ROAD_EQS_CARPDA(1.0),"Passenger cars, by type of motor energy",A,Annual,NR,Number,DIE,Diesel,IT,Italy,2022,,17100357,,,,,
dataflow,ESTAT:ROAD_EQS_CARPDA(1.0),"Passenger cars, by type of motor energy",A,Annual,NR,Number,DIE,Diesel,IT,Italy,2023,,17039273,,,,,
dataflow,ESTAT:ROAD_EQS_CARPDA(1.0),"Passenger cars, by type of motor energy",A,Annual,NR,Number,DIE,Diesel,IT,Italy,2024,,16796038,,,,,
dataflow,ESTAT:ROAD_EQS_CARPDA(1.0),"Passenger cars, by type of motor energy",A,Annual,NR,Number,DIE,Diesel,NL,Netherlands,2015,,1348059,,,,,
dataflow,ESTAT:ROAD_EQS_CARPDA(1.0),"Passenger cars, by type of motor energy",A,Annual,NR,Number,DIE,Diesel,NL,Netherlands,2016,,1340630,,,,,
dataflow,ESTAT:ROAD_EQS_CARPDA(1.0),"Passenger cars, by type of motor energy",A,Annual,NR,Number,DIE,Diesel,NL,Netherlands,2017,,1331765,,,,,
dataflow,ESTAT:ROAD_EQS_CARPDA(1.0),"Passenger cars, by type of motor energy",A,Annual,NR,Number,DIE,Diesel,NL,Netherlands,2018,,1281777,,,,,
dataflow,ESTAT:ROAD_EQS_CARPDA(1.0),"Passenger cars, by type of motor energy",A,Annual,NR,Number,DIE,Diesel,NL,Netherlands,2019,,1197337,,,,,
dataflow,ESTAT:ROAD_EQS_CARPDA(1.0),"Passenger cars, by type of motor energy",A,Annual,NR,Number,DIE,Diesel,NL,Netherlands,2020,,1084188,,,,,
dataflow,ESTAT:ROAD_EQS_CARPDA(1.0),"Passenger cars, by type of motor energy",A,Annual,NR,Number,DIE,Diesel,NL,Netherlands,2021,,990261,,,,,
dataflow,ESTAT:ROAD_EQS_CARPDA(1.0),"Passenger cars, by type of motor energy",A,Annual,NR,Number,DIE,Diesel,NL,Netherlands,2022,,879495,,,,,
dataflow,ESTAT:ROAD_EQS_CARPDA(1.0),"Passenger cars, by type of motor energy",A,Annual,NR,Number,DIE,Diesel,NL,Netherlands,2023,,776442,,,,,
dataflow,ESTAT:ROAD_EQS_CARPDA(1.0),"Passenger cars, by type of motor energy",A,Annual,NR,Number,DIE,Diesel,NL,Netherlands,2024,,683003,,,,,
dataflow,ESTAT:ROAD_EQS_CARPDA(1.0),"Passenger cars, by type of motor energy",A,Annual,NR,Number,DIE,Diesel,UK,United Kingdom,2015,,11438382,,,,,
dataflow,ESTAT:ROAD_EQS_CARPDA(1.0),"Passenger cars, by type of motor energy",A,Annual,NR,Number,DIE,Diesel,UK,United Kingdom,2016,,12062977,,,,,
dataflow,ESTAT:ROAD_EQS_CARPDA(1.0),"Passenger cars, by type of motor energy",A,Annual,NR,Number,DIE,Diesel,UK,United Kingdom,2017,,12371742,,,,,
dataflow,ESTAT:ROAD_EQS_CARPDA(1.0),"Passenger cars, by type of motor energy",A,Annual,NR,Number,DIE,Diesel,UK,United Kingdom,2018,,12409324,,,,,
dataflow,ESTAT:ROAD_EQS_CARPDA(1.0),"Passenger cars, by type of motor energy",A,Annual,NR,Number,DIE,Diesel,UK,United Kingdom,2021,,11639321,,,,,
dataflow,ESTAT:ROAD_EQS_CARPDA(1.0),"Passenger cars, by type of motor energy",A,Annual,NR,Number,DIE,Diesel,UK,United Kingdom,2022,,11272500,,,,,
dataflow,ESTAT:ROAD_EQS_CARPDA(1.0),"Passenger cars, by type of motor energy",A,Annual,NR,Number,DIE,Diesel,UK,United Kingdom,2023,,10773171,,,,,
dataflow,ESTAT:ROAD_EQS_CARPDA(1.0),"Passenger cars, by type of motor energy",A,Annual,NR,Number,DIE,Diesel,UK,United Kingdom,2024,,10243963,,,,,
dataflow,ESTAT:ROAD_EQS_CARPDA(1.0),"Passenger cars, by type of motor energy",A,Annual,NR,Number,DIE_X_HYB,Diesel (excluding hybrids)  ,DE,Germany,2017,,15225296,,,,,
dataflow,ESTAT:ROAD_EQS_CARPDA(1.0),"Passenger cars, by type of motor energy",A,Annual,NR,Number,DIE_X_HYB,Diesel (excluding hybrids)  ,DE,Germany,2018,,15153364,,,,,
dataflow,ESTAT:ROAD_EQS_CARPDA(1.0),"Passenger cars, by type of motor energy",A,Annual,NR,Number,DIE_X_HYB,Diesel (excluding hybrids)  ,DE,Germany,2019,,15111382,,,,,
dataflow,ESTAT:ROAD_EQS_CARPDA(1.0),"Passenger cars, by type of motor energy",A,Annual,NR,Number,DIE_X_HYB,Diesel (excluding hybrids)  ,DE,Germany,2020,,15060124,,,,,
dataflow,ESTAT:ROAD_EQS_CARPDA(1.0),"Passenger cars, by type of motor energy",A,Annual,NR,Number,DIE_X_HYB,Diesel (excluding hybrids)  ,DE,Germany,2021,,14824262,,,,,
dataflow,ESTAT:ROAD_EQS_CARPDA(1.0),"Passenger cars, by type of motor energy",A,Annual,NR,Number,DIE_X_HYB,Diesel (excluding hybrids)  ,DE,Germany,2022,,14437489,,,,,
dataflow,ESTAT:ROAD_EQS_CARPDA(1.0),"Passenger cars, by type of motor energy",A,Annual,NR,Number,DIE_X_HYB,Diesel (excluding hybrids)  ,DE,Germany,2023,,14142184,,,,,
dataflow,ESTAT:ROAD_EQS_CARPDA(1.0),"Passenger cars, by type of motor energy",A,Annual,NR,Number,DIE_X_HYB,Diesel (excluding hybrids)  ,DE,Germany,2024,,13829261,,,,,
dataflow,ESTAT:ROAD_EQS_CARPDA(1.0),"Passenger cars, by type of motor energy",A,Annual,NR,Number,DIE_X_HYB,Diesel (excluding hybrids)  ,ES,Spain,2015,,12644560,,,,,
dataflow,ESTAT:ROAD_EQS_CARPDA(1.0),"Passenger cars, by type of motor energy",A,Annual,NR,Number,DIE_X_HYB,Diesel (excluding hybrids)  ,ES,Spain,2016,,12880656,,i,value imputed by Eurostat or other receiving agencies,,
dataflow,ESTAT:ROAD_EQS_CARPDA(1.0),"Passenger cars, by type of motor energy",A,Annual,NR,Number,DIE_X_HYB,Diesel (excluding hybrids)  ,ES,Spain,2017,,14393041,,,,,
dataflow,ESTAT:ROAD_EQS_CARPDA(1.0),"Passenger cars, by type of motor energy",A,Annual,NR,Number,DIE_X_HYB,Diesel (excluding hybrids)  ,ES,Spain,2018,,14572400,,,,,
dataflow,ESTAT:ROAD_EQS_CARPDA(1.0),"Passenger cars, by type of motor energy",A,Annual,NR,Number,DIE_X_HYB,Diesel (excluding hybrids)  ,ES,Spain,2019,,14606861,,,,,
dataflow,ESTAT:ROAD_EQS_CARPDA(1.0),"Passenger cars, by type of motor energy",A,Annual,NR,Number,DIE_X_HYB,Diesel (excluding hybrids)  ,ES,Spain,2020,,14555080,,,,,
dataflow,ESTAT:ROAD_EQS_CARPDA(1.0),"Passenger cars, by type of motor energy",A,Annual,NR,Number,DIE_X_HYB,Diesel (excluding hybrids)  ,ES,Spain,2021,,14441476,,,,,
dataflow,ESTAT:ROAD_EQS_CARPDA(1.0),"Passenger cars, by type of motor energy",A,Annual,NR,Number,DIE_X_HYB,Diesel (excluding hybrids)  ,ES,Spain,2022,,14328026,,,,,
dataflow,ESTAT:ROAD_EQS_CARPDA(1.0),"Passenger cars, by type of motor energy",A,Annual,NR,Number,DIE_X_HYB,Diesel (excluding hybrids)  ,ES,Spain,2023,,14175393,,,,,
dataflow,ESTAT:ROAD_EQS_CARPDA(1.0),"Passenger cars, by type of motor energy",A,Annual,NR,Number,DIE_X_HYB,Diesel (excluding hybrids)  ,ES,Spain,2024,,13952057,,,,,
dataflow,ESTAT:ROAD_EQS_CARPDA(1.0),"Passenger cars, by type of motor energy",A,Annual,NR,Number,DIE_X_HYB,Diesel (excluding hybrids)  ,FR,France,2015,,23718626,,,,,
dataflow,ESTAT:ROAD_EQS_CARPDA(1.0),"Passenger cars, by type of motor energy",A,Annual,NR,Number,DIE_X_HYB,Diesel (excluding hybrids)  ,FR,France,2016,,23840395,,,,,
dataflow,ESTAT:ROAD_EQS_CARPDA(1.0),"Passenger cars, by type of motor energy",A,Annual,NR,Number,DIE_X_HYB,Diesel (excluding hybrids)  ,FR,France,2017,,23752657,,,,,
dataflow,ESTAT:ROAD_EQS_CARPDA(1.0),"Passenger cars, by type of motor energy",A,Annual,NR,Number,DIE_X_HYB,Diesel (excluding hybrids)  ,FR,France,2018,,23199412,,,,,
dataflow,ESTAT:ROAD_EQS_CARPDA(1.0),"Passenger cars, by type of motor energy",A,Annual,NR,Number,DIE_X_HYB,Diesel (excluding hybrids)  ,FR,France,2019,,22611758,,,,,
dataflow,ESTAT:ROAD_EQS_CARPDA(1.0),"Passenger cars, by type of motor energy",A,Annual,NR,Number,DIE_X_HYB,Diesel (excluding hybrids)  ,FR,France,2020,,22025189,,,,,
dataflow,ESTAT:ROAD_EQS_CARPDA(1.0),"Passenger cars, by type of motor energy",A,Annual,NR,Number,DIE_X_HYB,Diesel (excluding hybrids)  ,FR,France,2021,,21417978,,,,,
dataflow,ESTAT:ROAD_EQS_CARPDA(1.0),"Passenger cars, by type of motor energy",A,Annual,NR,Number,DIE_X_HYB,Diesel (excluding hybrids)  ,FR,France,2022,,20666465,,,,,
dataflow,ESTAT:ROAD_EQS_CARPDA(1.0),"Passenger cars, by type of motor energy",A,Annual,NR,Number,DIE_X_HYB,Diesel (excluding hybrids)  ,FR,France,2023,,19941790,,,,,
dataflow,ESTAT:ROAD_EQS_CARPDA(1.0),"Passenger cars, by type of motor energy",A,Annual,NR,Number,DIE_X_HYB,Diesel (excluding hybrids)  ,FR,France,2024,,19201010,,,,,
dataflow,ESTAT:ROAD_EQS_CARPDA(1.0),"Passenger cars, by type of motor energy",A,Annual,NR,Number,DIE_X_HYB,Diesel (excluding hybrids)  ,IT,Italy,2015,,15666309,,,,,
dataflow,ESTAT:ROAD_EQS_CARPDA(1.0),"Passenger cars, by type of motor energy",A,Annual,NR,Number,DIE_X_HYB,Diesel (excluding hybrids)  ,IT,Italy,2016,,16260625,,,,,
dataflow,ESTAT:ROAD_EQS_CARPDA(1.0),"Passenger cars, by type of motor energy",A,Annual,NR,Number,DIE_X_HYB,Diesel (excluding hybrids)  ,IT,Italy,2017,,16896736,,,,,
dataflow,ESTAT:ROAD_EQS_CARPDA(1.0),"Passenger cars, by type of motor energy",A,Annual,NR,Number,DIE_X_HYB,Diesel (excluding hybrids)  ,IT,Italy,2018,,17316888,,,,,
dataflow,ESTAT:ROAD_EQS_CARPDA(1.0),"Passenger cars, by type of motor energy",A,Annual,NR,Number,DIE_X_HYB,Diesel (excluding hybrids)  ,IT,Italy,2019,,17467776,,,,,
dataflow,ESTAT:ROAD_EQS_CARPDA(1.0),"Passenger cars, by type of motor energy",A,Annual,NR,Number,DIE_X_HYB,Diesel (excluding hybrids)  ,IT,Italy,2020,,17385843,,,,,
dataflow,ESTAT:ROAD_EQS_CARPDA(1.0),"Passenger cars, by type of motor energy",A,Annual,NR,Number,DIE_X_HYB,Diesel (excluding hybrids)  ,IT,Italy,2021,,17093277,,,,,
dataflow,ESTAT:ROAD_EQS_CARPDA(1.0),"Passenger cars, by type of motor energy",A,Annual,NR,Number,DIE_X_HYB,Diesel (excluding hybrids)  ,IT,Italy,2022,,16928077,,,,,
dataflow,ESTAT:ROAD_EQS_CARPDA(1.0),"Passenger cars, by type of motor energy",A,Annual,NR,Number,DIE_X_HYB,Diesel (excluding hybrids)  ,IT,Italy,2023,,16777000,,,,,
dataflow,ESTAT:ROAD_EQS_CARPDA(1.0),"Passenger cars, by type of motor energy",A,Annual,NR,Number,DIE_X_HYB,Diesel (excluding hybrids)  ,IT,Italy,2024,,16437562,,,,,
dataflow,ESTAT:ROAD_EQS_CARPDA(1.0),"Passenger cars, by type of motor energy",A,Annual,NR,Number,DIE_X_HYB,Diesel (excluding hybrids)  ,NL,Netherlands,2015,,1323320,,,,,
dataflow,ESTAT:ROAD_EQS_CARPDA(1.0),"Passenger cars, by type of motor energy",A,Annual,NR,Number,DIE_X_HYB,Diesel (excluding hybrids)  ,NL,Netherlands,2016,,1314225,,,,,
dataflow,ESTAT:ROAD_EQS_CARPDA(1.0),"Passenger cars, by type of motor energy",A,Annual,NR,Number,DIE_X_HYB,Diesel (excluding hybrids)  ,NL,Netherlands,2017,,1306960,,,,,
dataflow,ESTAT:ROAD_EQS_CARPDA(1.0),"Passenger cars, by type of motor energy",A,Annual,NR,Number,DIE_X_HYB,Diesel (excluding hybrids)  ,NL,Netherlands,2018,,1259923,,,,,
dataflow,ESTAT:ROAD_EQS_CARPDA(1.0),"Passenger cars, by type of motor energy",A,Annual,NR,Number,DIE_X_HYB,Diesel (excluding hybrids)  ,NL,Netherlands,2019,,1177559,,,,,
dataflow,ESTAT:ROAD_EQS_CARPDA(1.0),"Passenger cars, by type of motor energy",A,Annual,NR,Number,DIE_X_HYB,Diesel (excluding hybrids)  ,NL,Netherlands,2020,,1065483,,,,,
dataflow,ESTAT:ROAD_EQS_CARPDA(1.0),"Passenger cars, by type of motor energy",A,Annual,NR,Number,DIE_X_HYB,Diesel (excluding hybrids)  ,NL,Netherlands,2021,,970764,,,,,
dataflow,ESTAT:ROAD_EQS_CARPDA(1.0),"Passenger cars, by type of motor energy",A,Annual,NR,Number,DIE_X_HYB,Diesel (excluding hybrids)  ,NL,Netherlands,2022,,860021,,,,,
dataflow,ESTAT:ROAD_EQS_CARPDA(1.0),"Passenger cars, by type of motor energy",A,Annual,NR,Number,DIE_X_HYB,Diesel (excluding hybrids)  ,NL,Netherlands,2023,,757422,,,,,
dataflow,ESTAT:ROAD_EQS_CARPDA(1.0),"Passenger cars, by type of motor energy",A,Annual,NR,Number,DIE_X_HYB,Diesel (excluding hybrids)  ,NL,Netherlands,2024,,664475,,,,,
dataflow,ESTAT:ROAD_EQS_CARPDA(1.0),"Passenger cars, by type of motor energy",A,Annual,NR,Number,DIE_X_HYB,Diesel (excluding hybrids)  ,UK,United Kingdom,2015,,11428851,,,,,
dataflow,ESTAT:ROAD_EQS_CARPDA(1.0),"Passenger cars, by type of motor energy",A,Annual,NR,Number,DIE_X_HYB,Diesel (excluding hybrids)  ,UK,United Kingdom,2016,,12052142,,,,,
dataflow,ESTAT:ROAD_EQS_CARPDA(1.0),"Passenger cars, by type of motor energy",A,Annual,NR,Number,DIE_X_HYB,Diesel (excluding hybrids)  ,UK,United Kingdom,2017,,12360237,,,,,
dataflow,ESTAT:ROAD_EQS_CARPDA(1.0),"Passenger cars, by type of motor energy",A,Annual,NR,Number,DIE_X_HYB,Diesel (excluding hybrids)  ,UK,United Kingdom,2018,,12397636,,,,,
dataflow,ESTAT:ROAD_EQS_CARPDA(1.0),"Passenger cars, by type of motor energy",A,Annual,NR,Number,DIE_X_HYB,Diesel (excluding hybrids)  ,UK,United Kingdom,2021,,11574136,,,,,
dataflow,ESTAT:ROAD_EQS_CARPDA(1.0),"Passenger cars, by type of motor energy",A,Annual,NR,Number,DIE_X_HYB,Diesel (excluding hybrids)  ,UK,United Kingdom,2022,,11180520,,,,,
dataflow,ESTAT:ROAD_EQS_CARPDA(1.0),"Passenger cars, by type of motor energy",A,Annual,NR,Number,DIE_X_HYB,Diesel (excluding hybrids)  ,UK,United Kingdom,2023,,10666727,,,,,
dataflow,ESTAT:ROAD_EQS_CARPDA(1.0),"Passenger cars, by type of motor energy",A,Annual,NR,Number,DIE_X_HYB,Diesel (excluding hybrids)  ,UK,United Kingdom,2024,,10125153,,,,,
dataflow,ESTAT:ROAD_EQS_CARPDA(1.0),"Passenger cars, by type of motor energy",A,Annual,NR,Number,ELC,Electricity,DE,Germany,2015,,26000,,,,,
dataflow,ESTAT:ROAD_EQS_CARPDA(1.0),"Passenger cars, by type of motor energy",A,Annual,NR,Number,ELC,Electricity,DE,Germany,2016,,34022,,,,,
dataflow,ESTAT:ROAD_EQS_CARPDA(1.0),"Passenger cars, by type of motor energy",A,Annual,NR,Number,ELC,Electricity,DE,Germany,2017,,53861,,,,,
dataflow,ESTAT:ROAD_EQS_CARPDA(1.0),"Passenger cars, by type of motor energy",A,Annual,NR,Number,ELC,Electricity,DE,Germany,2018,,83175,,,,,
dataflow,ESTAT:ROAD_EQS_CARPDA(1.0),"Passenger cars, by type of motor energy",A,Annual,NR,Number,ELC,Electricity,DE,Germany,2019,,136617,,,,,
dataflow,ESTAT:ROAD_EQS_CARPDA(1.0),"Passenger cars, by type of motor energy",A,Annual,NR,Number,ELC,Electricity,DE,Germany,2020,,309083,,,,,
dataflow,ESTAT:ROAD_EQS_CARPDA(1.0),"Passenger cars, by type of motor energy",A,Annual,NR,Number,ELC,Electricity,DE,Germany,2021,,618460,,,,,
dataflow,ESTAT:ROAD_EQS_CARPDA(1.0),"Passenger cars, by type of motor energy",A,Annual,NR,Number,ELC,Electricity,DE,Germany,2022,,1013009,,,,,
dataflow,ESTAT:ROAD_EQS_CARPDA(1.0),"Passenger cars, by type of motor energy",A,Annual,NR,Number,ELC,Electricity,DE,Germany,2023,,1408681,,,,,
dataflow,ESTAT:ROAD_EQS_CARPDA(1.0),"Passenger cars, by type of motor energy",A,Annual,NR,Number,ELC,Electricity,DE,Germany,2024,,1651643,,,,,
dataflow,ESTAT:ROAD_EQS_CARPDA(1.0),"Passenger cars, by type of motor energy",A,Annual,NR,Number,ELC,Electricity,ES,Spain,2015,,5243,,,,,
dataflow,ESTAT:ROAD_EQS_CARPDA(1.0),"Passenger cars, by type of motor energy",A,Annual,NR,Number,ELC,Electricity,ES,Spain,2016,,5756,,,,,
dataflow,ESTAT:ROAD_EQS_CARPDA(1.0),"Passenger cars, by type of motor energy",A,Annual,NR,Number,ELC,Electricity,ES,Spain,2017,,9681,,,,,
dataflow,ESTAT:ROAD_EQS_CARPDA(1.0),"Passenger cars, by type of motor energy",A,Annual,NR,Number,ELC,Electricity,ES,Spain,2018,,15865,,,,,
dataflow,ESTAT:ROAD_EQS_CARPDA(1.0),"Passenger cars, by type of motor energy",A,Annual,NR,Number,ELC,Electricity,ES,Spain,2019,,26197,,,,,
dataflow,ESTAT:ROAD_EQS_CARPDA(1.0),"Passenger cars, by type of motor energy",A,Annual,NR,Number,ELC,Electricity,ES,Spain,2020,,43203,,,,,
dataflow,ESTAT:ROAD_EQS_CARPDA(1.0),"Passenger cars, by type of motor energy",A,Annual,NR,Number,ELC,Electricity,ES,Spain,2021,,66085,,,,,
dataflow,ESTAT:ROAD_EQS_CARPDA(1.0),"Passenger cars, by type of motor energy",A,Annual,NR,Number,ELC,Electricity,ES,Spain,2022,,95617,,,,,
dataflow,ESTAT:ROAD_EQS_CARPDA(1.0),"Passenger cars, by type of motor energy",A,Annual,NR,Number,ELC,Electricity,ES,Spain,2023,,150282,,,,,
dataflow,ESTAT:ROAD_EQS_CARPDA(1.0),"Passenger cars, by type of motor energy",A,Annual,NR,Number,ELC,Electricity,ES,Spain,2024,,208240,,,,,
dataflow,ESTAT:ROAD_EQS_CARPDA(1.0),"Passenger cars, by type of motor energy",A,Annual,NR,Number,ELC,Electricity,FR,France,2015,,41901,,,,,
dataflow,ESTAT:ROAD_EQS_CARPDA(1.0),"Passenger cars, by type of motor energy",A,Annual,NR,Number,ELC,Electricity,FR,France,2016,,61338,,,,,
dataflow,ESTAT:ROAD_EQS_CARPDA(1.0),"Passenger cars, by type of motor energy",A,Annual,NR,Number,ELC,Electricity,FR,France,2017,,82481,,,,,
dataflow,ESTAT:ROAD_EQS_CARPDA(1.0),"Passenger cars, by type of motor energy",A,Annual,NR,Number,ELC,Electricity,FR,France,2018,,106489,,,,,
dataflow,ESTAT:ROAD_EQS_CARPDA(1.0),"Passenger cars, by type of motor energy",A,Annual,NR,Number,ELC,Electricity,FR,France,2019,,141353,,,,,
dataflow,ESTAT:ROAD_EQS_CARPDA(1.0),"Passenger cars, by type of motor energy",A,Annual,NR,Number,ELC,Electricity,FR,France,2020,,245112,,,,,
dataflow,ESTAT:ROAD_EQS_CARPDA(1.0),"Passenger cars, by type of motor energy",A,Annual,NR,Number,ELC,Electricity,FR,France,2021,,403329,,,,,
dataflow,ESTAT:ROAD_EQS_CARPDA(1.0),"Passenger cars, by type of motor energy",A,Annual,NR,Number,ELC,Electricity,FR,France,2022,,595858,,,,,
dataflow,ESTAT:ROAD_EQS_CARPDA(1.0),"Passenger cars, by type of motor energy",A,Annual,NR,Number,ELC,Electricity,FR,France,2023,,868138,,,,,
dataflow,ESTAT:ROAD_EQS_CARPDA(1.0),"Passenger cars, by type of motor energy",A,Annual,NR,Number,ELC,Electricity,FR,France,2024,,1132210,,,,,
dataflow,ESTAT:ROAD_EQS_CARPDA(1.0),"Passenger cars, by type of motor energy",A,Annual,NR,Number,ELC,Electricity,IT,Italy,2015,,4584,,,,,
dataflow,ESTAT:ROAD_EQS_CARPDA(1.0),"Passenger cars, by type of motor energy",A,Annual,NR,Number,ELC,Electricity,IT,Italy,2016,,5743,,,,,
dataflow,ESTAT:ROAD_EQS_CARPDA(1.0),"Passenger cars, by type of motor energy",A,Annual,NR,Number,ELC,Electricity,IT,Italy,2017,,7560,,,,,
dataflow,ESTAT:ROAD_EQS_CARPDA(1.0),"Passenger cars, by type of motor energy",A,Annual,NR,Number,ELC,Electricity,IT,Italy,2018,,12156,,,,,
dataflow,ESTAT:ROAD_EQS_CARPDA(1.0),"Passenger cars, by type of motor energy",A,Annual,NR,Number,ELC,Electricity,IT,Italy,2019,,22728,,,,,
dataflow,ESTAT:ROAD_EQS_CARPDA(1.0),"Passenger cars, by type of motor energy",A,Annual,NR,Number,ELC,Electricity,IT,Italy,2020,,53079,,,,,
dataflow,ESTAT:ROAD_EQS_CARPDA(1.0),"Passenger cars, by type of motor energy",A,Annual,NR,Number,ELC,Electricity,IT,Italy,2021,,118034,,,,,
dataflow,ESTAT:ROAD_EQS_CARPDA(1.0),"Passenger cars, by type of motor energy",A,Annual,NR,Number,ELC,Electricity,IT,Italy,2022,,158131,,,,,
dataflow,ESTAT:ROAD_EQS_CARPDA(1.0),"Passenger cars, by type of motor energy",A,Annual,NR,Number,ELC,Electricity,IT,Italy,2023,,219540,,,,,
dataflow,ESTAT:ROAD_EQS_CARPDA(1.0),"Passenger cars, by type of motor energy",A,Annual,NR,Number,ELC,Electricity,IT,Italy,2024,,279607,,,,,
dataflow,ESTAT:ROAD_EQS_CARPDA(1.0),"Passenger cars, by type of motor energy",A,Annual,NR,Number,ELC,Electricity,NL,Netherlands,2015,,9962,,,,,
dataflow,ESTAT:ROAD_EQS_CARPDA(1.0),"Passenger cars, by type of motor energy",A,Annual,NR,Number,ELC,Electricity,NL,Netherlands,2016,,13709,,,,,
dataflow,ESTAT:ROAD_EQS_CARPDA(1.0),"Passenger cars, by type of motor energy",A,Annual,NR,Number,ELC,Electricity,NL,Netherlands,2017,,21842,,,,,
dataflow,ESTAT:ROAD_EQS_CARPDA(1.0),"Passenger cars, by type of motor energy",A,Annual,NR,Number,ELC,Electricity,NL,Netherlands,2018,,44581,,,,,
dataflow,ESTAT:ROAD_EQS_CARPDA(1.0),"Passenger cars, by type of motor energy",A,Annual,NR,Number,ELC,Electricity,NL,Netherlands,2019,,106232,,,,,
dataflow,ESTAT:ROAD_EQS_CARPDA(1.0),"Passenger cars, by type of motor energy",A,Annual,NR,Number,ELC,Electricity,NL,Netherlands,2020,,173797,,,,,
dataflow,ESTAT:ROAD_EQS_CARPDA(1.0),"Passenger cars, by type of motor energy",A,Annual,NR,Number,ELC,Electricity,NL,Netherlands,2021,,245091,,,,,
dataflow,ESTAT:ROAD_EQS_CARPDA(1.0),"Passenger cars, by type of motor energy",A,Annual,NR,Number,ELC,Electricity,NL,Netherlands,2022,,330113,,,,,
dataflow,ESTAT:ROAD_EQS_CARPDA(1.0),"Passenger cars, by type of motor energy",A,Annual,NR,Number,ELC,Electricity,NL,Netherlands,2023,,444669,,,,,
dataflow,ESTAT:ROAD_EQS_CARPDA(1.0),"Passenger cars, by type of motor energy",A,Annual,NR,Number,ELC,Electricity,NL,Netherlands,2024,,569144,,,,,
dataflow,ESTAT:ROAD_EQS_CARPDA(1.0),"Passenger cars, by type of motor energy",A,Annual,NR,Number,ELC,Electricity,UK,United Kingdom,2015,,24683,,,,,
dataflow,ESTAT:ROAD_EQS_CARPDA(1.0),"Passenger cars, by type of motor energy",A,Annual,NR,Number,ELC,Electricity,UK,United Kingdom,2016,,33434,,,,,
dataflow,ESTAT:ROAD_EQS_CARPDA(1.0),"Passenger cars, by type of motor energy",A,Annual,NR,Number,ELC,Electricity,UK,United Kingdom,2017,,41218,,,,,
dataflow,ESTAT:ROAD_EQS_CARPDA(1.0),"Passenger cars, by type of motor energy",A,Annual,NR,Number,ELC,Electricity,UK,United Kingdom,2018,,55335,,,,,
dataflow,ESTAT:ROAD_EQS_CARPDA(1.0),"Passenger cars, by type of motor energy",A,Annual,NR,Number,ELC,Electricity,UK,United Kingdom,2021,,374598,,,,,
dataflow,ESTAT:ROAD_EQS_CARPDA(1.0),"Passenger cars, by type of motor energy",A,Annual,NR,Number,ELC,Electricity,UK,United Kingdom,2022,,620632,,,,,
dataflow,ESTAT:ROAD_EQS_CARPDA(1.0),"Passenger cars, by type of motor energy",A,Annual,NR,Number,ELC,Electricity,UK,United Kingdom,2023,,916576,,,,,
dataflow,ESTAT:ROAD_EQS_CARPDA(1.0),"Passenger cars, by type of motor energy",A,Annual,NR,Number,ELC,Electricity,UK,United Kingdom,2024,,1266421,,,,,
dataflow,ESTAT:ROAD_EQS_CARPDA(1.0),"Passenger cars, by type of motor energy",A,Annual,NR,Number,ELC_DIE_HYB,Hybrid diesel-electric,DE,Germany,2017,,10336,,,,,
dataflow,ESTAT:ROAD_EQS_CARPDA(1.0),"Passenger cars, by type of motor energy",A,Annual,NR,Number,ELC_DIE_HYB,Hybrid diesel-electric,DE,Germany,2018,,24503,,,,,
dataflow,ESTAT:ROAD_EQS_CARPDA(1.0),"Passenger cars, by type of motor energy",A,Annual,NR,Number,ELC_DIE_HYB,Hybrid diesel-electric,DE,Germany,2019,,81776,,,,,
dataflow,ESTAT:ROAD_EQS_CARPDA(1.0),"Passenger cars, by type of motor energy",A,Annual,NR,Number,ELC_DIE_HYB,Hybrid diesel-electric,DE,Germany,2020,,180372,,,,,
dataflow,ESTAT:ROAD_EQS_CARPDA(1.0),"Passenger cars, by type of motor energy",A,Annual,NR,Number,ELC_DIE_HYB,Hybrid diesel-electric,DE,Germany,2021,,305908,,,,,
dataflow,ESTAT:ROAD_EQS_CARPDA(1.0),"Passenger cars, by type of motor energy",A,Annual,NR,Number,ELC_DIE_HYB,Hybrid diesel-electric,DE,Germany,2022,,415358,,,,,
dataflow,ESTAT:ROAD_EQS_CARPDA(1.0),"Passenger cars, by type of motor energy",A,Annual,NR,Number,ELC_DIE_HYB,Hybrid diesel-electric,DE,Germany,2023,,565992,,,,,
dataflow,ESTAT:ROAD_EQS_CARPDA(1.0),"Passenger cars, by type of motor energy",A,Annual,NR,Number,ELC_DIE_HYB,Hybrid diesel-electric,DE,Germany,2024,,692054,,,,,
dataflow,ESTAT:ROAD_EQS_CARPDA(1.0),"Passenger cars, by type of motor energy",A,Annual,NR,Number,ELC_DIE_HYB,Hybrid diesel-electric,ES,Spain,2015,,1061,,,,,
dataflow,ESTAT:ROAD_EQS_CARPDA(1.0),"Passenger cars, by type of motor energy",A,Annual,NR,Number,ELC_DIE_HYB,Hybrid diesel-electric,ES,Spain,2016,,1168,,,,,
dataflow,ESTAT:ROAD_EQS_CARPDA(1.0),"Passenger cars, by type of motor energy",A,Annual,NR,Number,ELC_DIE_HYB,Hybrid diesel-electric,ES,Spain,2017,,1303,,,,,
dataflow,ESTAT:ROAD_EQS_CARPDA(1.0),"Passenger cars, by type of motor energy",A,Annual,NR,Number,ELC_DIE_HYB,Hybrid diesel-electric,ES,Spain,2018,,2574,,,,,
dataflow,ESTAT:ROAD_EQS_CARPDA(1.0),"Passenger cars, by type of motor energy",A,Annual,NR,Number,ELC_DIE_HYB,Hybrid diesel-electric,ES,Spain,2019,,17446,,,,,
dataflow,ESTAT:ROAD_EQS_CARPDA(1.0),"Passenger cars, by type of motor energy",A,Annual,NR,Number,ELC_DIE_HYB,Hybrid diesel-electric,ES,Spain,2020,,42866,,,,,
dataflow,ESTAT:ROAD_EQS_CARPDA(1.0),"Passenger cars, by type of motor energy",A,Annual,NR,Number,ELC_DIE_HYB,Hybrid diesel-electric,ES,Spain,2021,,79462,,,,,
dataflow,ESTAT:ROAD_EQS_CARPDA(1.0),"Passenger cars, by type of motor energy",A,Annual,NR,Number,ELC_DIE_HYB,Hybrid diesel-electric,ES,Spain,2022,,111029,,,,,
dataflow,ESTAT:ROAD_EQS_CARPDA(1.0),"Passenger cars, by type of motor energy",A,Annual,NR,Number,ELC_DIE_HYB,Hybrid diesel-electric,ES,Spain,2023,,151031,,,,,
dataflow,ESTAT:ROAD_EQS_CARPDA(1.0),"Passenger cars, by type of motor energy",A,Annual,NR,Number,ELC_DIE_HYB,Hybrid diesel-electric,ES,Spain,2024,,192829,,,,,
dataflow,ESTAT:ROAD_EQS_CARPDA(1.0),"Passenger cars, by type of motor energy",A,Annual,NR,Number,ELC_DIE_HYB,Hybrid diesel-electric,FR,France,2015,,50944,,,,,
dataflow,ESTAT:ROAD_EQS_CARPDA(1.0),"Passenger cars, by type of motor energy",A,Annual,NR,Number,ELC_DIE_HYB,Hybrid diesel-electric,FR,France,2016,,55045,,,,,
dataflow,ESTAT:ROAD_EQS_CARPDA(1.0),"Passenger cars, by type of motor energy",A,Annual,NR,Number,ELC_DIE_HYB,Hybrid diesel-electric,FR,France,2017,,55255,,,,,
dataflow,ESTAT:ROAD_EQS_CARPDA(1.0),"Passenger cars, by type of motor energy",A,Annual,NR,Number,ELC_DIE_HYB,Hybrid diesel-electric,FR,France,2018,,56030,,,,,
dataflow,ESTAT:ROAD_EQS_CARPDA(1.0),"Passenger cars, by type of motor energy",A,Annual,NR,Number,ELC_DIE_HYB,Hybrid diesel-electric,FR,France,2019,,65400,,,,,
dataflow,ESTAT:ROAD_EQS_CARPDA(1.0),"Passenger cars, by type of motor energy",A,Annual,NR,Number,ELC_DIE_HYB,Hybrid diesel-electric,FR,France,2020,,87623,,,,,
dataflow,ESTAT:ROAD_EQS_CARPDA(1.0),"Passenger cars, by type of motor energy",A,Annual,NR,Number,ELC_DIE_HYB,Hybrid diesel-electric,FR,France,2021,,124310,,,,,
dataflow,ESTAT:ROAD_EQS_CARPDA(1.0),"Passenger cars, by type of motor energy",A,Annual,NR,Number,ELC_DIE_HYB,Hybrid diesel-electric,FR,France,2022,,147936,,,,,
dataflow,ESTAT:ROAD_EQS_CARPDA(1.0),"Passenger cars, by type of motor energy",A,Annual,NR,Number,ELC_DIE_HYB,Hybrid diesel-electric,FR,France,2023,,166501,,,,,
dataflow,ESTAT:ROAD_EQS_CARPDA(1.0),"Passenger cars, by type of motor energy",A,Annual,NR,Number,ELC_DIE_HYB,Hybrid diesel-electric,FR,France,2024,,176378,,,,,
dataflow,ESTAT:ROAD_EQS_CARPDA(1.0),"Passenger cars, by type of motor energy",A,Annual,NR,Number,ELC_DIE_HYB,Hybrid diesel-electric,IT,Italy,2015,,2967,,,,,
dataflow,ESTAT:ROAD_EQS_CARPDA(1.0),"Passenger cars, by type of motor energy",A,Annual,NR,Number,ELC_DIE_HYB,Hybrid diesel-electric,IT,Italy,2016,,3332,,,,,
dataflow,ESTAT:ROAD_EQS_CARPDA(1.0),"Passenger cars, by type of motor energy",A,Annual,NR,Number,ELC_DIE_HYB,Hybrid diesel-electric,IT,Italy,2017,,3405,,,,,
dataflow,ESTAT:ROAD_EQS_CARPDA(1.0),"Passenger cars, by type of motor energy",A,Annual,NR,Number,ELC_DIE_HYB,Hybrid diesel-electric,IT,Italy,2018,,4705,,,,,
dataflow,ESTAT:ROAD_EQS_CARPDA(1.0),"Passenger cars, by type of motor energy",A,Annual,NR,Number,ELC_DIE_HYB,Hybrid diesel-electric,IT,Italy,2019,,18359,,,,,
dataflow,ESTAT:ROAD_EQS_CARPDA(1.0),"Passenger cars, by type of motor energy",A,Annual,NR,Number,ELC_DIE_HYB,Hybrid diesel-electric,IT,Italy,2020,,40860,,,,,
dataflow,ESTAT:ROAD_EQS_CARPDA(1.0),"Passenger cars, by type of motor energy",A,Annual,NR,Number,ELC_DIE_HYB,Hybrid diesel-electric,IT,Italy,2021,,104488,,,,,
dataflow,ESTAT:ROAD_EQS_CARPDA(1.0),"Passenger cars, by type of motor energy",A,Annual,NR,Number,ELC_DIE_HYB,Hybrid diesel-electric,IT,Italy,2022,,172280,,,,,
dataflow,ESTAT:ROAD_EQS_CARPDA(1.0),"Passenger cars, by type of motor energy",A,Annual,NR,Number,ELC_DIE_HYB,Hybrid diesel-electric,IT,Italy,2023,,224377,,i,value imputed by Eurostat or other receiving agencies,,
dataflow,ESTAT:ROAD_EQS_CARPDA(1.0),"Passenger cars, by type of motor energy",A,Annual,NR,Number,ELC_DIE_HYB,Hybrid diesel-electric,IT,Italy,2024,,315465,,i,value imputed by Eurostat or other receiving agencies,,
dataflow,ESTAT:ROAD_EQS_CARPDA(1.0),"Passenger cars, by type of motor energy",A,Annual,NR,Number,ELC_DIE_HYB,Hybrid diesel-electric,NL,Netherlands,2015,,10298,,,,,
dataflow,ESTAT:ROAD_EQS_CARPDA(1.0),"Passenger cars, by type of motor energy",A,Annual,NR,Number,ELC_DIE_HYB,Hybrid diesel-electric,NL,Netherlands,2016,,9261,,,,,
dataflow,ESTAT:ROAD_EQS_CARPDA(1.0),"Passenger cars, by type of motor energy",A,Annual,NR,Number,ELC_DIE_HYB,Hybrid diesel-electric,NL,Netherlands,2017,,7427,,,,,
dataflow,ESTAT:ROAD_EQS_CARPDA(1.0),"Passenger cars, by type of motor energy",A,Annual,NR,Number,ELC_DIE_HYB,Hybrid diesel-electric,NL,Netherlands,2018,,6607,,,,,
dataflow,ESTAT:ROAD_EQS_CARPDA(1.0),"Passenger cars, by type of motor energy",A,Annual,NR,Number,ELC_DIE_HYB,Hybrid diesel-electric,NL,Netherlands,2019,,6391,,,,,
dataflow,ESTAT:ROAD_EQS_CARPDA(1.0),"Passenger cars, by type of motor energy",A,Annual,NR,Number,ELC_DIE_HYB,Hybrid diesel-electric,NL,Netherlands,2020,,6645,,,,,
dataflow,ESTAT:ROAD_EQS_CARPDA(1.0),"Passenger cars, by type of motor energy",A,Annual,NR,Number,ELC_DIE_HYB,Hybrid diesel-electric,NL,Netherlands,2021,,6963,,,,,
dataflow,ESTAT:ROAD_EQS_CARPDA(1.0),"Passenger cars, by type of motor energy",A,Annual,NR,Number,ELC_DIE_HYB,Hybrid diesel-electric,NL,Netherlands,2022,,7826,,,,,
dataflow,ESTAT:ROAD_EQS_CARPDA(1.0),"Passenger cars, by type of motor energy",A,Annual,NR,Number,ELC_DIE_HYB,Hybrid diesel-electric,NL,Netherlands,2023,,7754,,,,,
dataflow,ESTAT:ROAD_EQS_CARPDA(1.0),"Passenger cars, by type of motor energy",A,Annual,NR,Number,ELC_DIE_HYB,Hybrid diesel-electric,NL,Netherlands,2024,,7906,,,,,
dataflow,ESTAT:ROAD_EQS_CARPDA(1.0),"Passenger cars, by type of motor energy",A,Annual,NR,Number,ELC_DIE_HYB,Hybrid diesel-electric,UK,United Kingdom,2015,,9531,,,,,
dataflow,ESTAT:ROAD_EQS_CARPDA(1.0),"Passenger cars, by type of motor energy",A,Annual,NR,Number,ELC_DIE_HYB,Hybrid diesel-electric,UK,United Kingdom,2016,,10835,,,,,
dataflow,ESTAT:ROAD_EQS_CARPDA(1.0),"Passenger cars, by type of motor energy",A,Annual,NR,Number,ELC_DIE_HYB,Hybrid diesel-electric,UK,United Kingdom,2017,,10464,,,,,
dataflow,ESTAT:ROAD_EQS_CARPDA(1.0),"Passenger cars, by type of motor energy",A,Annual,NR,Number,ELC_DIE_HYB,Hybrid diesel-electric,UK,United Kingdom,2018,,10075,,,,,
dataflow,ESTAT:ROAD_EQS_CARPDA(1.0),"Passenger cars, by type of motor energy",A,Annual,NR,Number,ELC_DIE_HYB,Hybrid diesel-electric,UK,United Kingdom,2021,,56140,,,,,
dataflow,ESTAT:ROAD_EQS_CARPDA(1.0),"Passenger cars, by type of motor energy",A,Annual,NR,Number,ELC_DIE_HYB,Hybrid diesel-electric,UK,United Kingdom,2022,,81044,,,,,
dataflow,ESTAT:ROAD_EQS_CARPDA(1.0),"Passenger cars, by type of motor energy",A,Annual,NR,Number,ELC_DIE_HYB,Hybrid diesel-electric,UK,United Kingdom,2023,,95632,,,,,
dataflow,ESTAT:ROAD_EQS_CARPDA(1.0),"Passenger cars, by type of motor energy",A,Annual,NR,Number,ELC_DIE_HYB,Hybrid diesel-electric,UK,United Kingdom,2024,,108499,,,,,
dataflow,ESTAT:ROAD_EQS_CARPDA(1.0),"Passenger cars, by type of motor energy",A,Annual,NR,Number,ELC_DIE_PI,Plug-in hybrid diesel-electric  ,DE,Germany,2017,,1840,,,,,
dataflow,ESTAT:ROAD_EQS_CARPDA(1.0),"Passenger cars, by type of motor energy",A,Annual,NR,Number,ELC_DIE_PI,Plug-in hybrid diesel-electric  ,DE,Germany,2018,,1810,,,,,
dataflow,ESTAT:ROAD_EQS_CARPDA(1.0),"Passenger cars, by type of motor energy",A,Annual,NR,Number,ELC_DIE_PI,Plug-in hybrid diesel-electric  ,DE,Germany,2019,,8918,,,,,
dataflow,ESTAT:ROAD_EQS_CARPDA(1.0),"Passenger cars, by type of motor energy",A,Annual,NR,Number,ELC_DIE_PI,Plug-in hybrid diesel-electric  ,DE,Germany,2020,,29846,,,,,
dataflow,ESTAT:ROAD_EQS_CARPDA(1.0),"Passenger cars, by type of motor energy",A,Annual,NR,Number,ELC_DIE_PI,Plug-in hybrid diesel-electric  ,DE,Germany,2021,,49822,,,,,
dataflow,ESTAT:ROAD_EQS_CARPDA(1.0),"Passenger cars, by type of motor energy",A,Annual,NR,Number,ELC_DIE_PI,Plug-in hybrid diesel-electric  ,DE,Germany,2022,,62162,,,,,
dataflow,ESTAT:ROAD_EQS_CARPDA(1.0),"Passenger cars, by type of motor energy",A,Annual,NR,Number,ELC_DIE_PI,Plug-in hybrid diesel-electric  ,DE,Germany,2023,,63918,,,,,
dataflow,ESTAT:ROAD_EQS_CARPDA(1.0),"Passenger cars, by type of motor energy",A,Annual,NR,Number,ELC_DIE_PI,Plug-in hybrid diesel-electric  ,DE,Germany,2024,,71252,,,,,
dataflow,ESTAT:ROAD_EQS_CARPDA(1.0),"Passenger cars, by type of motor energy",A,Annual,NR,Number,ELC_DIE_PI,Plug-in hybrid diesel-electric  ,ES,Spain,2015,,27,,,,,
dataflow,ESTAT:ROAD_EQS_CARPDA(1.0),"Passenger cars, by type of motor energy",A,Annual,NR,Number,ELC_DIE_PI,Plug-in hybrid diesel-electric  ,ES,Spain,2016,,32,,,,,
dataflow,ESTAT:ROAD_EQS_CARPDA(1.0),"Passenger cars, by type of motor energy",A,Annual,NR,Number,ELC_DIE_PI,Plug-in hybrid diesel-electric  ,ES,Spain,2017,,45,,,,,
dataflow,ESTAT:ROAD_EQS_CARPDA(1.0),"Passenger cars, by type of motor energy",A,Annual,NR,Number,ELC_DIE_PI,Plug-in hybrid diesel-electric  ,ES,Spain,2018,,57,,,,,
dataflow,ESTAT:ROAD_EQS_CARPDA(1.0),"Passenger cars, by type of motor energy",A,Annual,NR,Number,ELC_DIE_PI,Plug-in hybrid diesel-electric  ,ES,Spain,2019,,149,,,,,
dataflow,ESTAT:ROAD_EQS_CARPDA(1.0),"Passenger cars, by type of motor energy",A,Annual,NR,Number,ELC_DIE_PI,Plug-in hybrid diesel-electric  ,ES,Spain,2020,,1413,,,,,
dataflow,ESTAT:ROAD_EQS_CARPDA(1.0),"Passenger cars, by type of motor energy",A,Annual,NR,Number,ELC_DIE_PI,Plug-in hybrid diesel-electric  ,ES,Spain,2021,,3600,,,,,
dataflow,ESTAT:ROAD_EQS_CARPDA(1.0),"Passenger cars, by type of motor energy",A,Annual,NR,Number,ELC_DIE_PI,Plug-in hybrid diesel-electric  ,ES,Spain,2022,,5792,,,,,
dataflow,ESTAT:ROAD_EQS_CARPDA(1.0),"Passenger cars, by type of motor energy",A,Annual,NR,Number,ELC_DIE_PI,Plug-in hybrid diesel-electric  ,ES,Spain,2023,,7791,,,,,
dataflow,ESTAT:ROAD_EQS_CARPDA(1.0),"Passenger cars, by type of motor energy",A,Annual,NR,Number,ELC_DIE_PI,Plug-in hybrid diesel-electric  ,ES,Spain,2024,,13023,,,,,
dataflow,ESTAT:ROAD_EQS_CARPDA(1.0),"Passenger cars, by type of motor energy",A,Annual,NR,Number,ELC_DIE_PI,Plug-in hybrid diesel-electric  ,FR,France,2015,,588,,,,,
dataflow,ESTAT:ROAD_EQS_CARPDA(1.0),"Passenger cars, by type of motor energy",A,Annual,NR,Number,ELC_DIE_PI,Plug-in hybrid diesel-electric  ,FR,France,2016,,773,,,,,
dataflow,ESTAT:ROAD_EQS_CARPDA(1.0),"Passenger cars, by type of motor energy",A,Annual,NR,Number,ELC_DIE_PI,Plug-in hybrid diesel-electric  ,FR,France,2017,,1025,,,,,
dataflow,ESTAT:ROAD_EQS_CARPDA(1.0),"Passenger cars, by type of motor energy",A,Annual,NR,Number,ELC_DIE_PI,Plug-in hybrid diesel-electric  ,FR,France,2018,,1220,,,,,
dataflow,ESTAT:ROAD_EQS_CARPDA(1.0),"Passenger cars, by type of motor energy",A,Annual,NR,Number,ELC_DIE_PI,Plug-in hybrid diesel-electric  ,FR,France,2019,,1867,,,,,
dataflow,ESTAT:ROAD_EQS_CARPDA(1.0),"Passenger cars, by type of motor energy",A,Annual,NR,Number,ELC_DIE_PI,Plug-in hybrid diesel-electric  ,FR,France,2020,,4052,,,,,
dataflow,ESTAT:ROAD_EQS_CARPDA(1.0),"Passenger cars, by type of motor energy",A,Annual,NR,Number,ELC_DIE_PI,Plug-in hybrid diesel-electric  ,FR,France,2021,,11271,,,,,
dataflow,ESTAT:ROAD_EQS_CARPDA(1.0),"Passenger cars, by type of motor energy",A,Annual,NR,Number,ELC_DIE_PI,Plug-in hybrid diesel-electric  ,FR,France,2022,,17219,,,,,
dataflow,ESTAT:ROAD_EQS_CARPDA(1.0),"Passenger cars, by type of motor energy",A,Annual,NR,Number,ELC_DIE_PI,Plug-in hybrid diesel-electric  ,FR,France,2023,,21160,,,,,
dataflow,ESTAT:ROAD_EQS_CARPDA(1.0),"Passenger cars, by type of motor energy",A,Annual,NR,Number,ELC_DIE_PI,Plug-in hybrid diesel-electric  ,FR,France,2024,,26945,,,,,
dataflow,ESTAT:ROAD_EQS_CARPDA(1.0),"Passenger cars, by type of motor energy",A,Annual,NR,Number,ELC_DIE_PI,Plug-in hybrid diesel-electric  ,IT,Italy,2015,,52,,,,,
dataflow,ESTAT:ROAD_EQS_CARPDA(1.0),"Passenger cars, by type of motor energy",A,Annual,NR,Number,ELC_DIE_PI,Plug-in hybrid diesel-electric  ,IT,Italy,2023,,37896,,i,value imputed by Eurostat or other receiving agencies,,
dataflow,ESTAT:ROAD_EQS_CARPDA(1.0),"Passenger cars, by type of motor energy",A,Annual,NR,Number,ELC_DIE_PI,Plug-in hybrid diesel-electric  ,IT,Italy,2024,,43011,,i,value imputed by Eurostat or other receiving agencies,,
dataflow,ESTAT:ROAD_EQS_CARPDA(1.0),"Passenger cars, by type of motor energy",A,Annual,NR,Number,ELC_DIE_PI,Plug-in hybrid diesel-electric  ,NL,Netherlands,2015,,14441,,,,,
dataflow,ESTAT:ROAD_EQS_CARPDA(1.0),"Passenger cars, by type of motor energy",A,Annual,NR,Number,ELC_DIE_PI,Plug-in hybrid diesel-electric  ,NL,Netherlands,2016,,17117,,,,,
dataflow,ESTAT:ROAD_EQS_CARPDA(1.0),"Passenger cars, by type of motor energy",A,Annual,NR,Number,ELC_DIE_PI,Plug-in hybrid diesel-electric  ,NL,Netherlands,2017,,17378,,,,,
dataflow,ESTAT:ROAD_EQS_CARPDA(1.0),"Passenger cars, by type of motor energy",A,Annual,NR,Number,ELC_DIE_PI,Plug-in hybrid diesel-electric  ,NL,Netherlands,2018,,15247,,,,,
dataflow,ESTAT:ROAD_EQS_CARPDA(1.0),"Passenger cars, by type of motor energy",A,Annual,NR,Number,ELC_DIE_PI,Plug-in hybrid diesel-electric  ,NL,Netherlands,2019,,13387,,,,,
dataflow,ESTAT:ROAD_EQS_CARPDA(1.0),"Passenger cars, by type of motor energy",A,Annual,NR,Number,ELC_DIE_PI,Plug-in hybrid diesel-electric  ,NL,Netherlands,2020,,12060,,,,,
dataflow,ESTAT:ROAD_EQS_CARPDA(1.0),"Passenger cars, by type of motor energy",A,Annual,NR,Number,ELC_DIE_PI,Plug-in hybrid diesel-electric  ,NL,Netherlands,2021,,12534,,,,,
dataflow,ESTAT:ROAD_EQS_CARPDA(1.0),"Passenger cars, by type of motor energy",A,Annual,NR,Number,ELC_DIE_PI,Plug-in hybrid diesel-electric  ,NL,Netherlands,2022,,11648,,,,,
dataflow,ESTAT:ROAD_EQS_CARPDA(1.0),"Passenger cars, by type of motor energy",A,Annual,NR,Number,ELC_DIE_PI,Plug-in hybrid diesel-electric  ,NL,Netherlands,2023,,11266,,,,,
dataflow,ESTAT:ROAD_EQS_CARPDA(1.0),"Passenger cars, by type of motor energy",A,Annual,NR,Number,ELC_DIE_PI,Plug-in hybrid diesel-electric  ,NL,Netherlands,2024,,10622,,,,,
dataflow,ESTAT:ROAD_EQS_CARPDA(1.0),"Passenger cars, by type of motor energy",A,Annual,NR,Number,ELC_DIE_PI,Plug-in hybrid diesel-electric  ,UK,United Kingdom,2017,,1419,,,,,
dataflow,ESTAT:ROAD_EQS_CARPDA(1.0),"Passenger cars, by type of motor energy",A,Annual,NR,Number,ELC_DIE_PI,Plug-in hybrid diesel-electric  ,UK,United Kingdom,2018,,1613,,,,,
dataflow,ESTAT:ROAD_EQS_CARPDA(1.0),"Passenger cars, by type of motor energy",A,Annual,NR,Number,ELC_DIE_PI,Plug-in hybrid diesel-electric  ,UK,United Kingdom,2021,,9045,,,,,
dataflow,ESTAT:ROAD_EQS_CARPDA(1.0),"Passenger cars, by type of motor energy",A,Annual,NR,Number,ELC_DIE_PI,Plug-in hybrid diesel-electric  ,UK,United Kingdom,2022,,10936,,,,,
dataflow,ESTAT:ROAD_EQS_CARPDA(1.0),"Passenger cars, by type of motor energy",A,Annual,NR,Number,ELC_DIE_PI,Plug-in hybrid diesel-electric  ,UK,United Kingdom,2023,,10812,,,,,
dataflow,ESTAT:ROAD_EQS_CARPDA(1.0),"Passenger cars, by type of motor energy",A,Annual,NR,Number,ELC_DIE_PI,Plug-in hybrid diesel-electric  ,UK,United Kingdom,2024,,10311,,,,,
dataflow,ESTAT:ROAD_EQS_CARPDA(1.0),"Passenger cars, by type of motor energy",A,Annual,NR,Number,ELC_PET_HYB,Hybrid electric-petrol,DE,Germany,2017,,181885,,,,,
dataflow,ESTAT:ROAD_EQS_CARPDA(1.0),"Passenger cars, by type of motor energy",A,Annual,NR,Number,ELC_PET_HYB,Hybrid electric-petrol,DE,Germany,2018,,249845,,,,,
dataflow,ESTAT:ROAD_EQS_CARPDA(1.0),"Passenger cars, by type of motor energy",A,Annual,NR,Number,ELC_PET_HYB,Hybrid electric-petrol,DE,Germany,2019,,365373,,,,,
dataflow,ESTAT:ROAD_EQS_CARPDA(1.0),"Passenger cars, by type of motor energy",A,Annual,NR,Number,ELC_PET_HYB,Hybrid electric-petrol,DE,Germany,2020,,543802,,,,,
dataflow,ESTAT:ROAD_EQS_CARPDA(1.0),"Passenger cars, by type of motor energy",A,Annual,NR,Number,ELC_PET_HYB,Hybrid electric-petrol,DE,Germany,2021,,797110,,,,,
dataflow,ESTAT:ROAD_EQS_CARPDA(1.0),"Passenger cars, by type of motor energy",A,Annual,NR,Number,ELC_PET_HYB,Hybrid electric-petrol,DE,Germany,2022,,1057743,,,,,
dataflow,ESTAT:ROAD_EQS_CARPDA(1.0),"Passenger cars, by type of motor energy",A,Annual,NR,Number,ELC_PET_HYB,Hybrid electric-petrol,DE,Germany,2023,,1423291,,,,,
dataflow,ESTAT:ROAD_EQS_CARPDA(1.0),"Passenger cars, by type of motor energy",A,Annual,NR,Number,ELC_PET_HYB,Hybrid electric-petrol,DE,Germany,2024,,1897379,,,,,
dataflow,ESTAT:ROAD_EQS_CARPDA(1.0),"Passenger cars, by type of motor energy",A,Annual,NR,Number,ELC_PET_HYB,Hybrid electric-petrol,ES,Spain,2015,,60911,,,,,
dataflow,ESTAT:ROAD_EQS_CARPDA(1.0),"Passenger cars, by type of motor energy",A,Annual,NR,Number,ELC_PET_HYB,Hybrid electric-petrol,ES,Spain,2016,,105608,,,,,
dataflow,ESTAT:ROAD_EQS_CARPDA(1.0),"Passenger cars, by type of motor energy",A,Annual,NR,Number,ELC_PET_HYB,Hybrid electric-petrol,ES,Spain,2017,,159413,,,,,
dataflow,ESTAT:ROAD_EQS_CARPDA(1.0),"Passenger cars, by type of motor energy",A,Annual,NR,Number,ELC_PET_HYB,Hybrid electric-petrol,ES,Spain,2018,,231284,,,,,
dataflow,ESTAT:ROAD_EQS_CARPDA(1.0),"Passenger cars, by type of motor energy",A,Annual,NR,Number,ELC_PET_HYB,Hybrid electric-petrol,ES,Spain,2019,,320368,,,,,
dataflow,ESTAT:ROAD_EQS_CARPDA(1.0),"Passenger cars, by type of motor energy",A,Annual,NR,Number,ELC_PET_HYB,Hybrid electric-petrol,ES,Spain,2020,,427973,,,,,
dataflow,ESTAT:ROAD_EQS_CARPDA(1.0),"Passenger cars, by type of motor energy",A,Annual,NR,Number,ELC_PET_HYB,Hybrid electric-petrol,ES,Spain,2021,,599638,,,,,
dataflow,ESTAT:ROAD_EQS_CARPDA(1.0),"Passenger cars, by type of motor energy",A,Annual,NR,Number,ELC_PET_HYB,Hybrid electric-petrol,ES,Spain,2022,,800851,,,,,
dataflow,ESTAT:ROAD_EQS_CARPDA(1.0),"Passenger cars, by type of motor energy",A,Annual,NR,Number,ELC_PET_HYB,Hybrid electric-petrol,ES,Spain,2023,,1053410,,,,,
dataflow,ESTAT:ROAD_EQS_CARPDA(1.0),"Passenger cars, by type of motor energy",A,Annual,NR,Number,ELC_PET_HYB,Hybrid electric-petrol,ES,Spain,2024,,1383928,,,,,
dataflow,ESTAT:ROAD_EQS_CARPDA(1.0),"Passenger cars, by type of motor energy",A,Annual,NR,Number,ELC_PET_HYB,Hybrid electric-petrol,FR,France,2015,,124933,,,,,
dataflow,ESTAT:ROAD_EQS_CARPDA(1.0),"Passenger cars, by type of motor energy",A,Annual,NR,Number,ELC_PET_HYB,Hybrid electric-petrol,FR,France,2016,,169242,,,,,
dataflow,ESTAT:ROAD_EQS_CARPDA(1.0),"Passenger cars, by type of motor energy",A,Annual,NR,Number,ELC_PET_HYB,Hybrid electric-petrol,FR,France,2017,,236786,,,,,
dataflow,ESTAT:ROAD_EQS_CARPDA(1.0),"Passenger cars, by type of motor energy",A,Annual,NR,Number,ELC_PET_HYB,Hybrid electric-petrol,FR,France,2018,,323845,,,,,
dataflow,ESTAT:ROAD_EQS_CARPDA(1.0),"Passenger cars, by type of motor energy",A,Annual,NR,Number,ELC_PET_HYB,Hybrid electric-petrol,FR,France,2019,,414993,,,,,
dataflow,ESTAT:ROAD_EQS_CARPDA(1.0),"Passenger cars, by type of motor energy",A,Annual,NR,Number,ELC_PET_HYB,Hybrid electric-petrol,FR,France,2020,,559279,,,,,
dataflow,ESTAT:ROAD_EQS_CARPDA(1.0),"Passenger cars, by type of motor energy",A,Annual,NR,Number,ELC_PET_HYB,Hybrid electric-petrol,FR,France,2021,,824940,,,,,
dataflow,ESTAT:ROAD_EQS_CARPDA(1.0),"Passenger cars, by type of motor energy",A,Annual,NR,Number,ELC_PET_HYB,Hybrid electric-petrol,FR,France,2022,,1111795,,,,,
dataflow,ESTAT:ROAD_EQS_CARPDA(1.0),"Passenger cars, by type of motor energy",A,Annual,NR,Number,ELC_PET_HYB,Hybrid electric-petrol,FR,France,2023,,1477772,,,,,
dataflow,ESTAT:ROAD_EQS_CARPDA(1.0),"Passenger cars, by type of motor energy",A,Annual,NR,Number,ELC_PET_HYB,Hybrid electric-petrol,FR,France,2024,,2020476,,,,,
dataflow,ESTAT:ROAD_EQS_CARPDA(1.0),"Passenger cars, by type of motor energy",A,Annual,NR,Number,ELC_PET_HYB,Hybrid electric-petrol,IT,Italy,2015,,82381,,,,,
dataflow,ESTAT:ROAD_EQS_CARPDA(1.0),"Passenger cars, by type of motor energy",A,Annual,NR,Number,ELC_PET_HYB,Hybrid electric-petrol,IT,Italy,2016,,117433,,,,,
dataflow,ESTAT:ROAD_EQS_CARPDA(1.0),"Passenger cars, by type of motor energy",A,Annual,NR,Number,ELC_PET_HYB,Hybrid electric-petrol,IT,Italy,2017,,174087,,,,,
dataflow,ESTAT:ROAD_EQS_CARPDA(1.0),"Passenger cars, by type of motor energy",A,Annual,NR,Number,ELC_PET_HYB,Hybrid electric-petrol,IT,Italy,2018,,239779,,,,,
dataflow,ESTAT:ROAD_EQS_CARPDA(1.0),"Passenger cars, by type of motor energy",A,Annual,NR,Number,ELC_PET_HYB,Hybrid electric-petrol,IT,Italy,2019,,316209,,,,,
dataflow,ESTAT:ROAD_EQS_CARPDA(1.0),"Passenger cars, by type of motor energy",A,Annual,NR,Number,ELC_PET_HYB,Hybrid electric-petrol,IT,Italy,2020,,501868,,,,,
dataflow,ESTAT:ROAD_EQS_CARPDA(1.0),"Passenger cars, by type of motor energy",A,Annual,NR,Number,ELC_PET_HYB,Hybrid electric-petrol,IT,Italy,2021,,927006,,,,,
dataflow,ESTAT:ROAD_EQS_CARPDA(1.0),"Passenger cars, by type of motor energy",A,Annual,NR,Number,ELC_PET_HYB,Hybrid electric-petrol,IT,Italy,2022,,1384340,,,,,
dataflow,ESTAT:ROAD_EQS_CARPDA(1.0),"Passenger cars, by type of motor energy",A,Annual,NR,Number,ELC_PET_HYB,Hybrid electric-petrol,IT,Italy,2023,,1734917,,i,value imputed by Eurostat or other receiving agencies,,
dataflow,ESTAT:ROAD_EQS_CARPDA(1.0),"Passenger cars, by type of motor energy",A,Annual,NR,Number,ELC_PET_HYB,Hybrid electric-petrol,IT,Italy,2024,,2298150,,i,value imputed by Eurostat or other receiving agencies,,
dataflow,ESTAT:ROAD_EQS_CARPDA(1.0),"Passenger cars, by type of motor energy",A,Annual,NR,Number,ELC_PET_HYB,Hybrid electric-petrol,NL,Netherlands,2015,,114080,,,,,
dataflow,ESTAT:ROAD_EQS_CARPDA(1.0),"Passenger cars, by type of motor energy",A,Annual,NR,Number,ELC_PET_HYB,Hybrid electric-petrol,NL,Netherlands,2016,,126732,,,,,
dataflow,ESTAT:ROAD_EQS_CARPDA(1.0),"Passenger cars, by type of motor energy",A,Annual,NR,Number,ELC_PET_HYB,Hybrid electric-petrol,NL,Netherlands,2017,,145251,,,,,
dataflow,ESTAT:ROAD_EQS_CARPDA(1.0),"Passenger cars, by type of motor energy",A,Annual,NR,Number,ELC_PET_HYB,Hybrid electric-petrol,NL,Netherlands,2018,,169284,,,,,
dataflow,ESTAT:ROAD_EQS_CARPDA(1.0),"Passenger cars, by type of motor energy",A,Annual,NR,Number,ELC_PET_HYB,Hybrid electric-petrol,NL,Netherlands,2019,,198382,,,,,
dataflow,ESTAT:ROAD_EQS_CARPDA(1.0),"Passenger cars, by type of motor energy",A,Annual,NR,Number,ELC_PET_HYB,Hybrid electric-petrol,NL,Netherlands,2020,,246396,,,,,
dataflow,ESTAT:ROAD_EQS_CARPDA(1.0),"Passenger cars, by type of motor energy",A,Annual,NR,Number,ELC_PET_HYB,Hybrid electric-petrol,NL,Netherlands,2021,,328750,,,,,
dataflow,ESTAT:ROAD_EQS_CARPDA(1.0),"Passenger cars, by type of motor energy",A,Annual,NR,Number,ELC_PET_HYB,Hybrid electric-petrol,NL,Netherlands,2022,,432579,,,,,
dataflow,ESTAT:ROAD_EQS_CARPDA(1.0),"Passenger cars, by type of motor energy",A,Annual,NR,Number,ELC_PET_HYB,Hybrid electric-petrol,NL,Netherlands,2023,,538367,,,,,
dataflow,ESTAT:ROAD_EQS_CARPDA(1.0),"Passenger cars, by type of motor energy",A,Annual,NR,Number,ELC_PET_HYB,Hybrid electric-petrol,NL,Netherlands,2024,,668700,,,,,
dataflow,ESTAT:ROAD_EQS_CARPDA(1.0),"Passenger cars, by type of motor energy",A,Annual,NR,Number,ELC_PET_HYB,Hybrid electric-petrol,UK,United Kingdom,2015,,235554,,,,,
dataflow,ESTAT:ROAD_EQS_CARPDA(1.0),"Passenger cars, by type of motor energy",A,Annual,NR,Number,ELC_PET_HYB,Hybrid electric-petrol,UK,United Kingdom,2016,,307738,,,,,
dataflow,ESTAT:ROAD_EQS_CARPDA(1.0),"Passenger cars, by type of motor energy",A,Annual,NR,Number,ELC_PET_HYB,Hybrid electric-petrol,UK,United Kingdom,2017,,322237,,,,,
dataflow,ESTAT:ROAD_EQS_CARPDA(1.0),"Passenger cars, by type of motor energy",A,Annual,NR,Number,ELC_PET_HYB,Hybrid electric-petrol,UK,United Kingdom,2018,,401611,,,,,
dataflow,ESTAT:ROAD_EQS_CARPDA(1.0),"Passenger cars, by type of motor energy",A,Annual,NR,Number,ELC_PET_HYB,Hybrid electric-petrol,UK,United Kingdom,2021,,857347,,,,,
dataflow,ESTAT:ROAD_EQS_CARPDA(1.0),"Passenger cars, by type of motor energy",A,Annual,NR,Number,ELC_PET_HYB,Hybrid electric-petrol,UK,United Kingdom,2022,,1162220,,,,,
dataflow,ESTAT:ROAD_EQS_CARPDA(1.0),"Passenger cars, by type of motor energy",A,Annual,NR,Number,ELC_PET_HYB,Hybrid electric-petrol,UK,United Kingdom,2023,,1567457,,,,,
dataflow,ESTAT:ROAD_EQS_CARPDA(1.0),"Passenger cars, by type of motor energy",A,Annual,NR,Number,ELC_PET_HYB,Hybrid electric-petrol,UK,United Kingdom,2024,,2089340,,,,,
dataflow,ESTAT:ROAD_EQS_CARPDA(1.0),"Passenger cars, by type of motor energy",A,Annual,NR,Number,ELC_PET_PI,Plug-in hybrid petrol-electric  ,DE,Germany,2017,,42569,,,,,
dataflow,ESTAT:ROAD_EQS_CARPDA(1.0),"Passenger cars, by type of motor energy",A,Annual,NR,Number,ELC_PET_PI,Plug-in hybrid petrol-electric  ,DE,Germany,2018,,65154,,,,,
dataflow,ESTAT:ROAD_EQS_CARPDA(1.0),"Passenger cars, by type of motor energy",A,Annual,NR,Number,ELC_PET_PI,Plug-in hybrid petrol-electric  ,DE,Germany,2019,,93117,,,,,
dataflow,ESTAT:ROAD_EQS_CARPDA(1.0),"Passenger cars, by type of motor energy",A,Annual,NR,Number,ELC_PET_PI,Plug-in hybrid petrol-electric  ,DE,Germany,2020,,249795,,,,,
dataflow,ESTAT:ROAD_EQS_CARPDA(1.0),"Passenger cars, by type of motor energy",A,Annual,NR,Number,ELC_PET_PI,Plug-in hybrid petrol-electric  ,DE,Germany,2021,,515909,,,,,
dataflow,ESTAT:ROAD_EQS_CARPDA(1.0),"Passenger cars, by type of motor energy",A,Annual,NR,Number,ELC_PET_PI,Plug-in hybrid petrol-electric  ,DE,Germany,2022,,802371,,,,,
dataflow,ESTAT:ROAD_EQS_CARPDA(1.0),"Passenger cars, by type of motor energy",A,Annual,NR,Number,ELC_PET_PI,Plug-in hybrid petrol-electric  ,DE,Germany,2023,,857843,,,,,
dataflow,ESTAT:ROAD_EQS_CARPDA(1.0),"Passenger cars, by type of motor energy",A,Annual,NR,Number,ELC_PET_PI,Plug-in hybrid petrol-electric  ,DE,Germany,2024,,896109,,,,,
dataflow,ESTAT:ROAD_EQS_CARPDA(1.0),"Passenger cars, by type of motor energy",A,Annual,NR,Number,ELC_PET_PI,Plug-in hybrid petrol-electric  ,ES,Spain,2015,,397,,,,,
dataflow,ESTAT:ROAD_EQS_CARPDA(1.0),"Passenger cars, by type of motor energy",A,Annual,NR,Number,ELC_PET_PI,Plug-in hybrid petrol-electric  ,ES,Spain,2016,,422,,,,,
dataflow,ESTAT:ROAD_EQS_CARPDA(1.0),"Passenger cars, by type of motor energy",A,Annual,NR,Number,ELC_PET_PI,Plug-in hybrid petrol-electric  ,ES,Spain,2017,,934,,,,,
dataflow,ESTAT:ROAD_EQS_CARPDA(1.0),"Passenger cars, by type of motor energy",A,Annual,NR,Number,ELC_PET_PI,Plug-in hybrid petrol-electric  ,ES,Spain,2018,,2874,,,,,
dataflow,ESTAT:ROAD_EQS_CARPDA(1.0),"Passenger cars, by type of motor energy",A,Annual,NR,Number,ELC_PET_PI,Plug-in hybrid petrol-electric  ,ES,Spain,2019,,8430,,,,,
dataflow,ESTAT:ROAD_EQS_CARPDA(1.0),"Passenger cars, by type of motor energy",A,Annual,NR,Number,ELC_PET_PI,Plug-in hybrid petrol-electric  ,ES,Spain,2020,,29459,,,,,
dataflow,ESTAT:ROAD_EQS_CARPDA(1.0),"Passenger cars, by type of motor energy",A,Annual,NR,Number,ELC_PET_PI,Plug-in hybrid petrol-electric  ,ES,Spain,2021,,69042,,,,,
dataflow,ESTAT:ROAD_EQS_CARPDA(1.0),"Passenger cars, by type of motor energy",A,Annual,NR,Number,ELC_PET_PI,Plug-in hybrid petrol-electric  ,ES,Spain,2022,,112905,,,,,
dataflow,ESTAT:ROAD_EQS_CARPDA(1.0),"Passenger cars, by type of motor energy",A,Annual,NR,Number,ELC_PET_PI,Plug-in hybrid petrol-electric  ,ES,Spain,2023,,172656,,,,,
dataflow,ESTAT:ROAD_EQS_CARPDA(1.0),"Passenger cars, by type of motor energy",A,Annual,NR,Number,ELC_PET_PI,Plug-in hybrid petrol-electric  ,ES,Spain,2024,,226621,,,,,
dataflow,ESTAT:ROAD_EQS_CARPDA(1.0),"Passenger cars, by type of motor energy",A,Annual,NR,Number,ELC_PET_PI,Plug-in hybrid petrol-electric  ,FR,France,2015,,35766,,,,,
dataflow,ESTAT:ROAD_EQS_CARPDA(1.0),"Passenger cars, by type of motor energy",A,Annual,NR,Number,ELC_PET_PI,Plug-in hybrid petrol-electric  ,FR,France,2016,,42095,,,,,
dataflow,ESTAT:ROAD_EQS_CARPDA(1.0),"Passenger cars, by type of motor energy",A,Annual,NR,Number,ELC_PET_PI,Plug-in hybrid petrol-electric  ,FR,France,2017,,53090,,,,,
dataflow,ESTAT:ROAD_EQS_CARPDA(1.0),"Passenger cars, by type of motor energy",A,Annual,NR,Number,ELC_PET_PI,Plug-in hybrid petrol-electric  ,FR,France,2018,,66556,,,,,
dataflow,ESTAT:ROAD_EQS_CARPDA(1.0),"Passenger cars, by type of motor energy",A,Annual,NR,Number,ELC_PET_PI,Plug-in hybrid petrol-electric  ,FR,France,2019,,82763,,,,,
dataflow,ESTAT:ROAD_EQS_CARPDA(1.0),"Passenger cars, by type of motor energy",A,Annual,NR,Number,ELC_PET_PI,Plug-in hybrid petrol-electric  ,FR,France,2020,,153423,,,,,
dataflow,ESTAT:ROAD_EQS_CARPDA(1.0),"Passenger cars, by type of motor energy",A,Annual,NR,Number,ELC_PET_PI,Plug-in hybrid petrol-electric  ,FR,France,2021,,288233,,,,,
dataflow,ESTAT:ROAD_EQS_CARPDA(1.0),"Passenger cars, by type of motor energy",A,Annual,NR,Number,ELC_PET_PI,Plug-in hybrid petrol-electric  ,FR,France,2022,,406788,,,,,
dataflow,ESTAT:ROAD_EQS_CARPDA(1.0),"Passenger cars, by type of motor energy",A,Annual,NR,Number,ELC_PET_PI,Plug-in hybrid petrol-electric  ,FR,France,2023,,555206,,,,,
dataflow,ESTAT:ROAD_EQS_CARPDA(1.0),"Passenger cars, by type of motor energy",A,Annual,NR,Number,ELC_PET_PI,Plug-in hybrid petrol-electric  ,FR,France,2024,,683360,,,,,
dataflow,ESTAT:ROAD_EQS_CARPDA(1.0),"Passenger cars, by type of motor energy",A,Annual,NR,Number,ELC_PET_PI,Plug-in hybrid petrol-electric  ,IT,Italy,2015,,839,,,,,
dataflow,ESTAT:ROAD_EQS_CARPDA(1.0),"Passenger cars, by type of motor energy",A,Annual,NR,Number,ELC_PET_PI,Plug-in hybrid petrol-electric  ,IT,Italy,2023,,214744,,i,value imputed by Eurostat or other receiving agencies,,
dataflow,ESTAT:ROAD_EQS_CARPDA(1.0),"Passenger cars, by type of motor energy",A,Annual,NR,Number,ELC_PET_PI,Plug-in hybrid petrol-electric  ,IT,Italy,2024,,243726,,i,value imputed by Eurostat or other receiving agencies,,
dataflow,ESTAT:ROAD_EQS_CARPDA(1.0),"Passenger cars, by type of motor energy",A,Annual,NR,Number,ELC_PET_PI,Plug-in hybrid petrol-electric  ,NL,Netherlands,2015,,61828,,,,,
dataflow,ESTAT:ROAD_EQS_CARPDA(1.0),"Passenger cars, by type of motor energy",A,Annual,NR,Number,ELC_PET_PI,Plug-in hybrid petrol-electric  ,NL,Netherlands,2016,,78608,,,,,
dataflow,ESTAT:ROAD_EQS_CARPDA(1.0),"Passenger cars, by type of motor energy",A,Annual,NR,Number,ELC_PET_PI,Plug-in hybrid petrol-electric  ,NL,Netherlands,2017,,79887,,,,,
dataflow,ESTAT:ROAD_EQS_CARPDA(1.0),"Passenger cars, by type of motor energy",A,Annual,NR,Number,ELC_PET_PI,Plug-in hybrid petrol-electric  ,NL,Netherlands,2018,,78592,,,,,
dataflow,ESTAT:ROAD_EQS_CARPDA(1.0),"Passenger cars, by type of motor energy",A,Annual,NR,Number,ELC_PET_PI,Plug-in hybrid petrol-electric  ,NL,Netherlands,2019,,77525,,,,,
dataflow,ESTAT:ROAD_EQS_CARPDA(1.0),"Passenger cars, by type of motor energy",A,Annual,NR,Number,ELC_PET_PI,Plug-in hybrid petrol-electric  ,NL,Netherlands,2020,,87224,,,,,
dataflow,ESTAT:ROAD_EQS_CARPDA(1.0),"Passenger cars, by type of motor energy",A,Annual,NR,Number,ELC_PET_PI,Plug-in hybrid petrol-electric  ,NL,Netherlands,2021,,131648,,,,,
dataflow,ESTAT:ROAD_EQS_CARPDA(1.0),"Passenger cars, by type of motor energy",A,Annual,NR,Number,ELC_PET_PI,Plug-in hybrid petrol-electric  ,NL,Netherlands,2022,,175720,,,,,
dataflow,ESTAT:ROAD_EQS_CARPDA(1.0),"Passenger cars, by type of motor energy",A,Annual,NR,Number,ELC_PET_PI,Plug-in hybrid petrol-electric  ,NL,Netherlands,2023,,252454,,,,,
dataflow,ESTAT:ROAD_EQS_CARPDA(1.0),"Passenger cars, by type of motor energy",A,Annual,NR,Number,ELC_PET_PI,Plug-in hybrid petrol-electric  ,NL,Netherlands,2024,,364769,,,,,
dataflow,ESTAT:ROAD_EQS_CARPDA(1.0),"Passenger cars, by type of motor energy",A,Annual,NR,Number,ELC_PET_PI,Plug-in hybrid petrol-electric  ,UK,United Kingdom,2017,,84781,,,,,
dataflow,ESTAT:ROAD_EQS_CARPDA(1.0),"Passenger cars, by type of motor energy",A,Annual,NR,Number,ELC_PET_PI,Plug-in hybrid petrol-electric  ,UK,United Kingdom,2018,,123459,,,,,
dataflow,ESTAT:ROAD_EQS_CARPDA(1.0),"Passenger cars, by type of motor energy",A,Annual,NR,Number,ELC_PET_PI,Plug-in hybrid petrol-electric  ,UK,United Kingdom,2021,,308477,,,,,
dataflow,ESTAT:ROAD_EQS_CARPDA(1.0),"Passenger cars, by type of motor energy",A,Annual,NR,Number,ELC_PET_PI,Plug-in hybrid petrol-electric  ,UK,United Kingdom,2022,,397205,,,,,
dataflow,ESTAT:ROAD_EQS_CARPDA(1.0),"Passenger cars, by type of motor energy",A,Annual,NR,Number,ELC_PET_PI,Plug-in hybrid petrol-electric  ,UK,United Kingdom,2023,,521472,,,,,
dataflow,ESTAT:ROAD_EQS_CARPDA(1.0),"Passenger cars, by type of motor energy",A,Annual,NR,Number,ELC_PET_PI,Plug-in hybrid petrol-electric  ,UK,United Kingdom,2024,,665708,,,,,
dataflow,ESTAT:ROAD_EQS_CARPDA(1.0),"Passenger cars, by type of motor energy",A,Annual,NR,Number,PET,Petrol,DE,Germany,2015,,29825000,,,,,
dataflow,ESTAT:ROAD_EQS_CARPDA(1.0),"Passenger cars, by type of motor energy",A,Annual,NR,Number,PET,Petrol,DE,Germany,2016,,29978635,,,,,
dataflow,ESTAT:ROAD_EQS_CARPDA(1.0),"Passenger cars, by type of motor energy",A,Annual,NR,Number,PET,Petrol,DE,Germany,2017,,30675722,,,,,
dataflow,ESTAT:ROAD_EQS_CARPDA(1.0),"Passenger cars, by type of motor energy",A,Annual,NR,Number,PET,Petrol,DE,Germany,2018,,31346020,,,,,
dataflow,ESTAT:ROAD_EQS_CARPDA(1.0),"Passenger cars, by type of motor energy",A,Annual,NR,Number,PET,Petrol,DE,Germany,2019,,31913170,,,,,
dataflow,ESTAT:ROAD_EQS_CARPDA(1.0),"Passenger cars, by type of motor energy",A,Annual,NR,Number,PET,Petrol,DE,Germany,2020,,32228937,,,,,
dataflow,ESTAT:ROAD_EQS_CARPDA(1.0),"Passenger cars, by type of motor energy",A,Annual,NR,Number,PET,Petrol,DE,Germany,2021,,32318153,,,,,
dataflow,ESTAT:ROAD_EQS_CARPDA(1.0),"Passenger cars, by type of motor energy",A,Annual,NR,Number,PET,Petrol,DE,Germany,2022,,32416652,,,,,
dataflow,ESTAT:ROAD_EQS_CARPDA(1.0),"Passenger cars, by type of motor energy",A,Annual,NR,Number,PET,Petrol,DE,Germany,2023,,32516166,,,,,
dataflow,ESTAT:ROAD_EQS_CARPDA(1.0),"Passenger cars, by type of motor energy",A,Annual,NR,Number,PET,Petrol,DE,Germany,2024,,32712008,,,,,
dataflow,ESTAT:ROAD_EQS_CARPDA(1.0),"Passenger cars, by type of motor energy",A,Annual,NR,Number,PET,Petrol,ES,Spain,2015,,9696611,,,,,
dataflow,ESTAT:ROAD_EQS_CARPDA(1.0),"Passenger cars, by type of motor energy",A,Annual,NR,Number,PET,Petrol,ES,Spain,2016,,9960748,,,,,
dataflow,ESTAT:ROAD_EQS_CARPDA(1.0),"Passenger cars, by type of motor energy",A,Annual,NR,Number,PET,Petrol,ES,Spain,2017,,10233944,,,,,
dataflow,ESTAT:ROAD_EQS_CARPDA(1.0),"Passenger cars, by type of motor energy",A,Annual,NR,Number,PET,Petrol,ES,Spain,2018,,10646295,,,,,
dataflow,ESTAT:ROAD_EQS_CARPDA(1.0),"Passenger cars, by type of motor energy",A,Annual,NR,Number,PET,Petrol,ES,Spain,2019,,11079058,,,,,
dataflow,ESTAT:ROAD_EQS_CARPDA(1.0),"Passenger cars, by type of motor energy",A,Annual,NR,Number,PET,Petrol,ES,Spain,2020,,11268897,,,,,
dataflow,ESTAT:ROAD_EQS_CARPDA(1.0),"Passenger cars, by type of motor energy",A,Annual,NR,Number,PET,Petrol,ES,Spain,2021,,11562236,,,,,
dataflow,ESTAT:ROAD_EQS_CARPDA(1.0),"Passenger cars, by type of motor energy",A,Annual,NR,Number,PET,Petrol,ES,Spain,2022,,11904738,,,,,
dataflow,ESTAT:ROAD_EQS_CARPDA(1.0),"Passenger cars, by type of motor energy",A,Annual,NR,Number,PET,Petrol,ES,Spain,2023,,12102966,,,,,
dataflow,ESTAT:ROAD_EQS_CARPDA(1.0),"Passenger cars, by type of motor energy",A,Annual,NR,Number,PET,Petrol,ES,Spain,2024,,12107210,,,,,
dataflow,ESTAT:ROAD_EQS_CARPDA(1.0),"Passenger cars, by type of motor energy",A,Annual,NR,Number,PET,Petrol,FR,France,2015,,13162270,,,,,
dataflow,ESTAT:ROAD_EQS_CARPDA(1.0),"Passenger cars, by type of motor energy",A,Annual,NR,Number,PET,Petrol,FR,France,2016,,13516599,,,,,
dataflow,ESTAT:ROAD_EQS_CARPDA(1.0),"Passenger cars, by type of motor energy",A,Annual,NR,Number,PET,Petrol,FR,France,2017,,14033219,,,,,
dataflow,ESTAT:ROAD_EQS_CARPDA(1.0),"Passenger cars, by type of motor energy",A,Annual,NR,Number,PET,Petrol,FR,France,2018,,14679924,,,,,
dataflow,ESTAT:ROAD_EQS_CARPDA(1.0),"Passenger cars, by type of motor energy",A,Annual,NR,Number,PET,Petrol,FR,France,2019,,15413169,,,,,
dataflow,ESTAT:ROAD_EQS_CARPDA(1.0),"Passenger cars, by type of motor energy",A,Annual,NR,Number,PET,Petrol,FR,France,2020,,15902590,,,,,
dataflow,ESTAT:ROAD_EQS_CARPDA(1.0),"Passenger cars, by type of motor energy",A,Annual,NR,Number,PET,Petrol,FR,France,2021,,16595622,,,,,
dataflow,ESTAT:ROAD_EQS_CARPDA(1.0),"Passenger cars, by type of motor energy",A,Annual,NR,Number,PET,Petrol,FR,France,2022,,17149898,,,,,
dataflow,ESTAT:ROAD_EQS_CARPDA(1.0),"Passenger cars, by type of motor energy",A,Annual,NR,Number,PET,Petrol,FR,France,2023,,17854357,,,,,
dataflow,ESTAT:ROAD_EQS_CARPDA(1.0),"Passenger cars, by type of motor energy",A,Annual,NR,Number,PET,Petrol,FR,France,2024,,18623070,,,,,
dataflow,ESTAT:ROAD_EQS_CARPDA(1.0),"Passenger cars, by type of motor energy",A,Annual,NR,Number,PET,Petrol,IT,Italy,2015,,18650786,,,,,
dataflow,ESTAT:ROAD_EQS_CARPDA(1.0),"Passenger cars, by type of motor energy",A,Annual,NR,Number,PET,Petrol,IT,Italy,2016,,18477538,,,,,
dataflow,ESTAT:ROAD_EQS_CARPDA(1.0),"Passenger cars, by type of motor energy",A,Annual,NR,Number,PET,Petrol,IT,Italy,2017,,18370650,,,,,
dataflow,ESTAT:ROAD_EQS_CARPDA(1.0),"Passenger cars, by type of motor energy",A,Annual,NR,Number,PET,Petrol,IT,Italy,2018,,18323181,,,,,
dataflow,ESTAT:ROAD_EQS_CARPDA(1.0),"Passenger cars, by type of motor energy",A,Annual,NR,Number,PET,Petrol,IT,Italy,2019,,18490547,,,,,
dataflow,ESTAT:ROAD_EQS_CARPDA(1.0),"Passenger cars, by type of motor energy",A,Annual,NR,Number,PET,Petrol,IT,Italy,2020,,18574363,,,,,
dataflow,ESTAT:ROAD_EQS_CARPDA(1.0),"Passenger cars, by type of motor energy",A,Annual,NR,Number,PET,Petrol,IT,Italy,2021,,18733662,,,,,
dataflow,ESTAT:ROAD_EQS_CARPDA(1.0),"Passenger cars, by type of motor energy",A,Annual,NR,Number,PET,Petrol,IT,Italy,2022,,19075917,,,,,
dataflow,ESTAT:ROAD_EQS_CARPDA(1.0),"Passenger cars, by type of motor energy",A,Annual,NR,Number,PET,Petrol,IT,Italy,2023,,19666808,,,,,
dataflow,ESTAT:ROAD_EQS_CARPDA(1.0),"Passenger cars, by type of motor energy",A,Annual,NR,Number,PET,Petrol,IT,Italy,2024,,20178631,,,,,
dataflow,ESTAT:ROAD_EQS_CARPDA(1.0),"Passenger cars, by type of motor energy",A,Annual,NR,Number,PET,Petrol,NL,Netherlands,2015,,6577772,,,,,
dataflow,ESTAT:ROAD_EQS_CARPDA(1.0),"Passenger cars, by type of motor energy",A,Annual,NR,Number,PET,Petrol,NL,Netherlands,2016,,6714338,,,,,
dataflow,ESTAT:ROAD_EQS_CARPDA(1.0),"Passenger cars, by type of motor energy",A,Annual,NR,Number,PET,Petrol,NL,Netherlands,2017,,6874634,,,,,
dataflow,ESTAT:ROAD_EQS_CARPDA(1.0),"Passenger cars, by type of motor energy",A,Annual,NR,Number,PET,Petrol,NL,Netherlands,2018,,6985724,,,,,
dataflow,ESTAT:ROAD_EQS_CARPDA(1.0),"Passenger cars, by type of motor energy",A,Annual,NR,Number,PET,Petrol,NL,Netherlands,2019,,7159725,,,,,
dataflow,ESTAT:ROAD_EQS_CARPDA(1.0),"Passenger cars, by type of motor energy",A,Annual,NR,Number,PET,Petrol,NL,Netherlands,2020,,7314363,,,,,
dataflow,ESTAT:ROAD_EQS_CARPDA(1.0),"Passenger cars, by type of motor energy",A,Annual,NR,Number,PET,Petrol,NL,Netherlands,2021,,7483574,,,,,
dataflow,ESTAT:ROAD_EQS_CARPDA(1.0),"Passenger cars, by type of motor energy",A,Annual,NR,Number,PET,Petrol,NL,Netherlands,2022,,7600590,,,,,
dataflow,ESTAT:ROAD_EQS_CARPDA(1.0),"Passenger cars, by type of motor energy",A,Annual,NR,Number,PET,Petrol,NL,Netherlands,2023,,7741700,,,,,
dataflow,ESTAT:ROAD_EQS_CARPDA(1.0),"Passenger cars, by type of motor energy",A,Annual,NR,Number,PET,Petrol,NL,Netherlands,2024,,7895129,,,,,
dataflow,ESTAT:ROAD_EQS_CARPDA(1.0),"Passenger cars, by type of motor energy",A,Annual,NR,Number,PET,Petrol,UK,United Kingdom,2015,,18747234,,,,,
dataflow,ESTAT:ROAD_EQS_CARPDA(1.0),"Passenger cars, by type of motor energy",A,Annual,NR,Number,PET,Petrol,UK,United Kingdom,2016,,18718202,,,,,
dataflow,ESTAT:ROAD_EQS_CARPDA(1.0),"Passenger cars, by type of motor energy",A,Annual,NR,Number,PET,Petrol,UK,United Kingdom,2017,,18755110,,,,,
dataflow,ESTAT:ROAD_EQS_CARPDA(1.0),"Passenger cars, by type of motor energy",A,Annual,NR,Number,PET,Petrol,UK,United Kingdom,2018,,19024664,,,,,
dataflow,ESTAT:ROAD_EQS_CARPDA(1.0),"Passenger cars, by type of motor energy",A,Annual,NR,Number,PET,Petrol,UK,United Kingdom,2021,,19840380,,,,,
dataflow,ESTAT:ROAD_EQS_CARPDA(1.0),"Passenger cars, by type of motor energy",A,Annual,NR,Number,PET,Petrol,UK,United Kingdom,2022,,20250367,,,,,
dataflow,ESTAT:ROAD_EQS_CARPDA(1.0),"Passenger cars, by type of motor energy",A,Annual,NR,Number,PET,Petrol,UK,United Kingdom,2023,,20829020,,,,,
dataflow,ESTAT:ROAD_EQS_CARPDA(1.0),"Passenger cars, by type of motor energy",A,Annual,NR,Number,PET,Petrol,UK,United Kingdom,2024,,21378294,,,,,
